"2018-based principal population projections by sex, single year of age and year",,,,,,,,,,,,,,,,,,,,,,,,,,,
,,,,,,,,,,,,,,,,,,,,,,,,,,,
Highland,,,,,,,,,,,,,,,,,,,,,,,,,,,
,2018,2019,2020,2021,2022,2023,2024,2025,2026,2027,2028,2029,2030,2031,2032,2033,2034,2035,2036,2037,2038,2039,2040,2041,2042,2043,
,,,,,,,,,,,,,,,,,,,,,,,,,,,
PERSONS,,,,,,,,,,,,,,,,,,,,,,,,,,,
All ages,"235,540","235,793","236,078","236,327","236,488","236,643","236,709","236,768","236,762","236,737","236,664","236,553","236,414","236,240","236,028","235,783","235,512","235,284","235,041","234,846","234,559","234,307","234,050","233,782","233,510","233,250",
0,"2,048","2,023","2,038","2,035","2,022","2,012","2,006","2,013","2,008","2,006","2,004","1,995","1,995","1,991","1,986","1,987","1,982","1,981","1,985","1,988","1,987","1,997","1,997","1,990","1,994","1,994",
1,"2,147","2,062","2,034","2,050","2,049","2,038","2,025","2,018","2,025","2,020","2,019","2,016","2,007","2,007","2,004","1,999","2,000","1,995","1,994","1,998","2,001","2,000","2,010","2,010","2,003","2,007",
2,"2,279","2,169","2,086","2,054","2,071","2,071","2,058","2,045","2,038","2,045","2,040","2,039","2,036","2,027","2,027","2,024","2,019","2,020","2,015","2,014","2,018","2,021","2,020","2,030","2,030","2,023",
3,"2,402","2,292","2,182","2,098","2,067","2,083","2,084","2,071","2,058","2,051","2,058","2,053","2,052","2,049","2,040","2,040","2,037","2,032","2,033","2,028","2,027","2,031","2,034","2,033","2,043","2,043",
4,"2,300","2,407","2,298","2,187","2,105","2,074","2,090","2,090","2,077","2,064","2,057","2,064","2,059","2,058","2,055","2,046","2,046","2,043","2,038","2,039","2,034","2,033","2,037","2,040","2,039","2,049",
5,"2,393","2,312","2,423","2,313","2,202","2,118","2,089","2,104","2,103","2,090","2,077","2,070","2,077","2,072","2,071","2,068","2,059","2,059","2,057","2,051","2,052","2,048","2,046","2,051","2,053","2,053",
6,"2,494","2,406","2,325","2,432","2,323","2,214","2,130","2,101","2,115","2,114","2,101","2,088","2,081","2,088","2,083","2,082","2,079","2,070","2,070","2,068","2,062","2,063","2,059","2,057","2,062","2,064",
7,"2,578","2,505","2,416","2,334","2,437","2,329","2,223","2,139","2,108","2,122","2,121","2,108","2,096","2,089","2,096","2,091","2,090","2,087","2,078","2,078","2,076","2,070","2,071","2,067","2,065","2,070",
8,"2,470","2,599","2,525","2,436","2,352","2,455","2,348","2,242","2,158","2,126","2,139","2,138","2,125","2,113","2,106","2,113","2,108","2,107","2,104","2,095","2,095","2,093","2,087","2,088","2,084","2,082",
9,"2,706","2,477","2,613","2,533","2,446","2,362","2,464","2,357","2,250","2,166","2,135","2,147","2,147","2,134","2,121","2,114","2,121","2,116","2,115","2,112","2,103","2,103","2,101","2,095","2,096","2,092",
10,"2,676","2,716","2,488","2,622","2,543","2,456","2,372","2,472","2,366","2,259","2,174","2,143","2,156","2,156","2,143","2,130","2,123","2,130","2,125","2,124","2,121","2,112","2,112","2,110","2,104","2,105",
11,"2,606","2,685","2,726","2,502","2,634","2,557","2,468","2,385","2,484","2,378","2,271","2,186","2,155","2,167","2,167","2,154","2,141","2,134","2,141","2,136","2,135","2,132","2,123","2,123","2,121","2,115",
12,"2,602","2,605","2,684","2,728","2,506","2,637","2,560","2,471","2,388","2,486","2,380","2,273","2,189","2,158","2,170","2,169","2,156","2,144","2,137","2,144","2,139","2,138","2,135","2,125","2,125","2,123",
13,"2,606","2,615","2,618","2,698","2,743","2,522","2,650","2,574","2,485","2,402","2,499","2,393","2,286","2,202","2,171","2,183","2,181","2,169","2,157","2,150","2,157","2,152","2,151","2,148","2,138","2,138",
14,"2,535","2,625","2,640","2,640","2,718","2,765","2,544","2,673","2,598","2,508","2,425","2,521","2,415","2,308","2,222","2,191","2,203","2,201","2,189","2,177","2,170","2,177","2,172","2,171","2,167","2,157",
15,"2,493","2,521","2,613","2,631","2,628","2,709","2,754","2,534","2,663","2,588","2,498","2,415","2,511","2,405","2,298","2,213","2,182","2,194","2,192","2,180","2,168","2,161","2,168","2,163","2,162","2,158",
16,"2,510","2,494","2,523","2,617","2,636","2,632","2,714","2,757","2,539","2,667","2,592","2,503","2,419","2,515","2,409","2,303","2,219","2,187","2,199","2,197","2,185","2,173","2,166","2,173","2,168","2,167",
17,"2,582","2,498","2,481","2,511","2,606","2,626","2,622","2,701","2,745","2,529","2,655","2,581","2,494","2,409","2,505","2,400","2,293","2,210","2,177","2,190","2,188","2,176","2,164","2,157","2,164","2,159",
18,"2,382","2,401","2,322","2,313","2,331","2,420","2,444","2,441","2,515","2,557","2,357","2,474","2,403","2,323","2,250","2,331","2,238","2,133","2,058","2,028","2,040","2,038","2,026","2,014","2,007","2,014",
19,"2,422","2,144","2,157","2,091","2,085","2,106","2,185","2,204","2,204","2,271","2,312","2,130","2,239","2,172","2,097","2,036","2,101","2,021","1,929","1,863","1,833","1,846","1,845","1,834","1,822","1,815",
20,"2,276","2,363","2,099","2,105","2,043","2,039","2,059","2,133","2,158","2,157","2,222","2,262","2,085","2,193","2,128","2,054","1,998","2,057","1,981","1,893","1,826","1,797","1,809","1,809","1,798","1,785",
21,"2,222","2,286","2,370","2,109","2,112","2,050","2,048","2,068","2,142","2,168","2,167","2,234","2,274","2,101","2,209","2,145","2,070","2,019","2,072","1,999","1,915","1,847","1,819","1,828","1,829","1,817",
22,"2,268","2,280","2,341","2,420","2,159","2,155","2,091","2,096","2,113","2,188","2,216","2,215","2,288","2,326","2,158","2,266","2,204","2,127","2,078","2,125","2,056","1,972","1,906","1,876","1,887","1,888",
23,"2,469","2,325","2,337","2,396","2,473","2,216","2,204","2,142","2,147","2,166","2,241","2,271","2,271","2,346","2,383","2,218","2,328","2,269","2,192","2,145","2,187","2,122","2,038","1,971","1,942","1,950",
24,"2,562","2,515","2,387","2,407","2,457","2,533","2,278","2,262","2,197","2,202","2,224","2,299","2,332","2,333","2,407","2,447","2,287","2,398","2,341","2,262","2,217","2,256","2,193","2,109","2,041","2,011",
25,"2,380","2,551","2,513","2,385","2,408","2,451","2,521","2,274","2,257","2,191","2,196","2,218","2,293","2,327","2,328","2,404","2,444","2,289","2,396","2,342","2,263","2,220","2,258","2,197","2,114","2,046",
26,"2,422","2,416","2,571","2,528","2,409","2,433","2,464","2,534","2,290","2,271","2,205","2,211","2,233","2,308","2,340","2,344","2,424","2,462","2,311","2,418","2,365","2,286","2,246","2,280","2,222","2,141",
27,"2,479","2,452","2,436","2,579","2,531","2,422","2,444","2,472","2,536","2,294","2,275","2,209","2,216","2,238","2,312","2,343","2,348","2,432","2,469","2,321","2,426","2,375","2,299","2,258","2,291","2,234",
28,"2,411","2,517","2,485","2,460","2,591","2,549","2,445","2,466","2,492","2,553","2,317","2,296","2,229","2,234","2,256","2,330","2,363","2,368","2,453","2,489","2,345","2,448","2,397","2,321","2,282","2,313",
29,"2,443","2,459","2,569","2,534","2,497","2,624","2,583","2,485","2,505","2,526","2,584","2,352","2,329","2,264","2,267","2,292","2,366","2,397","2,402","2,490","2,527","2,386","2,487","2,435","2,361","2,322",
30,"2,624","2,509","2,523","2,640","2,604","2,559","2,680","2,638","2,539","2,559","2,579","2,636","2,403","2,379","2,314","2,317","2,343","2,415","2,447","2,452","2,541","2,578","2,439","2,540","2,489","2,415",
31,"2,658","2,642","2,536","2,544","2,664","2,628","2,580","2,694","2,650","2,553","2,572","2,592","2,647","2,415","2,390","2,323","2,326","2,352","2,425","2,458","2,464","2,552","2,589","2,453","2,553","2,504",
32,"2,703","2,693","2,679","2,580","2,589","2,711","2,675","2,626","2,735","2,690","2,596","2,612","2,632","2,686","2,453","2,428","2,360","2,363","2,389","2,462","2,496","2,502","2,592","2,628","2,493","2,593",
33,"2,734","2,730","2,729","2,725","2,628","2,637","2,757","2,721","2,670","2,775","2,730","2,638","2,655","2,674","2,726","2,495","2,468","2,398","2,401","2,428","2,501","2,535","2,541","2,633","2,668","2,535",
34,"2,782","2,768","2,766","2,763","2,764","2,671","2,679","2,802","2,766","2,712","2,813","2,767","2,677","2,692","2,712","2,762","2,533","2,505","2,433","2,435","2,464","2,538","2,572","2,579","2,672","2,707",
35,"2,672","2,805","2,801","2,796","2,794","2,800","2,711","2,717","2,839","2,805","2,751","2,848","2,801","2,712","2,727","2,746","2,795","2,566","2,536","2,464","2,467","2,496","2,569","2,604","2,612","2,706",
36,"2,769","2,686","2,816","2,817","2,814","2,816","2,820","2,736","2,741","2,865","2,831","2,774","2,869","2,820","2,733","2,748","2,766","2,814","2,586","2,555","2,481","2,485","2,515","2,588","2,623","2,631",
37,"2,927","2,794","2,718","2,847","2,850","2,846","2,850","2,857","2,774","2,779","2,905","2,870","2,812","2,904","2,855","2,769","2,783","2,801","2,849","2,622","2,588","2,514","2,517","2,548","2,621","2,656",
38,"2,760","2,940","2,816","2,742","2,870","2,874","2,869","2,874","2,880","2,801","2,806","2,933","2,899","2,839","2,929","2,880","2,794","2,809","2,825","2,873","2,648","2,611","2,536","2,539","2,570","2,644",
39,"2,687","2,777","2,952","2,833","2,761","2,885","2,890","2,888","2,892","2,899","2,821","2,826","2,954","2,920","2,858","2,947","2,898","2,813","2,827","2,843","2,889","2,665","2,628","2,552","2,556","2,587",
40,"2,508","2,718","2,814","2,985","2,866","2,798","2,918","2,926","2,925","2,929","2,937","2,859","2,864","2,994","2,961","2,896","2,983","2,935","2,851","2,865","2,880","2,925","2,703","2,663","2,587","2,589",
41,"2,481","2,513","2,724","2,822","2,993","2,874","2,807","2,926","2,935","2,934","2,938","2,948","2,871","2,876","3,005","2,973","2,907","2,992","2,945","2,862","2,877","2,892","2,936","2,714","2,674","2,597",
42,"2,702","2,492","2,527","2,741","2,839","3,007","2,892","2,827","2,946","2,955","2,955","2,959","2,969","2,894","2,899","3,028","2,997","2,930","3,012","2,966","2,882","2,897","2,911","2,955","2,735","2,695",
43,"2,766","2,728","2,520","2,554","2,769","2,870","3,036","2,923","2,859","2,976","2,986","2,987","2,991","3,002","2,929","2,933","3,062","3,032","2,964","3,044","2,998","2,915","2,928","2,942","2,985","2,766",
44,"2,726","2,792","2,756","2,546","2,578","2,792","2,896","3,062","2,952","2,888","3,004","3,015","3,016","3,021","3,032","2,960","2,962","3,091","3,062","2,995","3,073","3,027","2,945","2,957","2,971","3,012",
45,"2,960","2,723","2,790","2,756","2,547","2,579","2,792","2,898","3,063","2,955","2,891","3,005","3,018","3,019","3,024","3,036","2,966","2,968","3,097","3,068","3,000","3,076","3,031","2,950","2,961","2,975",
46,"3,179","2,977","2,739","2,803","2,769","2,562","2,593","2,805","2,912","3,075","2,969","2,905","3,018","3,032","3,033","3,039","3,052","2,983","2,985","3,115","3,085","3,016","3,090","3,045","2,966","2,976",
47,"3,379","3,197","2,997","2,756","2,822","2,786","2,581","2,611","2,824","2,930","3,092","2,988","2,926","3,037","3,050","3,052","3,059","3,074","3,005","3,006","3,138","3,107","3,036","3,110","3,064","2,987",
48,"3,361","3,395","3,217","3,020","2,776","2,838","2,806","2,600","2,631","2,842","2,949","3,111","3,007","2,945","3,055","3,070","3,073","3,079","3,095","3,027","3,028","3,160","3,130","3,058","3,130","3,085",
49,"3,405","3,364","3,399","3,223","3,027","2,782","2,843","2,811","2,604","2,637","2,846","2,953","3,116","3,013","2,951","3,061","3,076","3,080","3,086","3,104","3,036","3,037","3,171","3,140","3,067","3,137",
50,"3,658","3,424","3,376","3,411","3,237","3,041","2,798","2,855","2,822","2,616","2,649","2,858","2,966","3,129","3,028","2,966","3,075","3,091","3,096","3,102","3,120","3,054","3,055","3,190","3,160","3,085",
51,"3,623","3,686","3,458","3,407","3,443","3,270","3,072","2,830","2,885","2,851","2,645","2,678","2,886","2,996","3,160","3,059","2,997","3,106","3,122","3,129","3,135","3,153","3,089","3,090","3,225","3,196",
52,"3,799","3,613","3,673","3,446","3,395","3,434","3,260","3,060","2,819","2,874","2,840","2,635","2,669","2,876","2,987","3,149","3,050","2,988","3,096","3,113","3,121","3,127","3,145","3,081","3,082","3,218",
53,"3,916","3,800","3,617","3,674","3,449","3,400","3,436","3,264","3,066","2,825","2,879","2,846","2,643","2,676","2,882","2,994","3,153","3,057","2,996","3,102","3,121","3,129","3,135","3,154","3,090","3,092",
54,"3,882","3,928","3,812","3,633","3,687","3,466","3,415","3,449","3,278","3,081","2,841","2,893","2,859","2,657","2,690","2,894","3,006","3,165","3,070","3,010","3,115","3,134","3,143","3,149","3,168","3,107",
55,"3,669","3,885","3,932","3,822","3,640","3,693","3,476","3,423","3,459","3,288","3,092","2,853","2,902","2,868","2,667","2,699","2,902","3,016","3,175","3,082","3,021","3,125","3,145","3,155","3,161","3,180",
56,"3,634","3,698","3,912","3,961","3,850","3,672","3,723","3,509","3,454","3,488","3,319","3,122","2,884","2,930","2,894","2,695","2,726","2,930","3,045","3,205","3,113","3,052","3,156","3,177","3,189","3,195",
57,"3,695","3,647","3,709","3,922","3,970","3,863","3,684","3,737","3,526","3,469","3,504","3,337","3,140","2,902","2,946","2,909","2,714","2,743","2,947","3,062","3,222","3,133","3,071","3,174","3,196","3,208",
58,"3,559","3,694","3,647","3,711","3,922","3,970","3,862","3,686","3,739","3,529","3,473","3,507","3,341","3,146","2,907","2,949","2,911","2,717","2,747","2,949","3,065","3,225","3,137","3,076","3,177","3,200",
59,"3,541","3,555","3,687","3,644","3,709","3,917","3,965","3,858","3,683","3,735","3,528","3,472","3,506","3,340","3,146","2,907","2,947","2,911","2,719","2,748","2,949","3,067","3,226","3,141","3,080","3,179",
60,"3,462","3,532","3,549","3,677","3,635","3,700","3,907","3,957","3,848","3,677","3,729","3,523","3,467","3,500","3,338","3,144","2,907","2,946","2,909","2,718","2,747","2,948","3,065","3,223","3,140","3,079",
61,"3,423","3,455","3,527","3,545","3,672","3,633","3,697","3,900","3,951","3,843","3,675","3,725","3,521","3,465","3,498","3,337","3,144","2,907","2,947","2,910","2,719","2,750","2,950","3,067","3,224","3,145",
62,"3,329","3,404","3,435","3,509","3,525","3,656","3,617","3,684","3,884","3,934","3,829","3,663","3,712","3,511","3,454","3,487","3,328","3,135","2,900","2,938","2,901","2,712","2,741","2,943","3,060","3,218",
63,"3,186","3,304","3,381","3,414","3,492","3,510","3,636","3,600","3,665","3,863","3,913","3,808","3,646","3,693","3,495","3,438","3,472","3,316","3,122","2,890","2,928","2,891","2,703","2,732","2,935","3,050",
64,"3,222","3,176","3,296","3,371","3,408","3,485","3,503","3,629","3,597","3,665","3,860","3,908","3,806","3,646","3,693","3,497","3,438","3,475","3,318","3,127","2,892","2,930","2,892","2,706","2,735","2,937",
65,"3,155","3,201","3,154","3,274","3,348","3,386","3,463","3,482","3,608","3,577","3,646","3,837","3,887","3,785","3,628","3,675","3,480","3,423","3,460","3,302","3,113","2,880","2,916","2,880","2,695","2,725",
66,"3,110","3,120","3,165","3,116","3,235","3,311","3,351","3,427","3,447","3,571","3,542","3,612","3,802","3,852","3,751","3,595","3,642","3,450","3,392","3,429","3,274","3,085","2,853","2,889","2,852","2,671",
67,"3,056","3,075","3,085","3,129","3,082","3,200","3,277","3,316","3,393","3,413","3,536","3,509","3,579","3,766","3,817","3,716","3,561","3,609","3,422","3,363","3,399","3,247","3,060","2,829","2,865","2,827",
68,"3,073","3,019","3,032","3,045","3,088","3,043","3,160","3,236","3,275","3,353","3,372","3,495","3,469","3,539","3,724","3,776","3,674","3,522","3,570","3,388","3,329","3,365","3,212","3,030","2,800","2,836",
69,"3,130","3,024","2,970","2,978","2,992","3,036","2,993","3,110","3,183","3,225","3,301","3,322","3,442","3,416","3,488","3,670","3,722","3,621","3,472","3,522","3,342","3,284","3,319","3,167","2,989","2,762",
70,"3,254","3,069","2,964","2,912","2,919","2,935","2,978","2,938","3,053","3,124","3,167","3,243","3,265","3,384","3,359","3,430","3,610","3,662","3,564","3,418","3,467","3,291","3,235","3,268","3,119","2,946",
71,"3,266","3,179","3,001","2,899","2,849","2,857","2,875","2,915","2,878","2,991","3,061","3,104","3,182","3,202","3,320","3,296","3,367","3,544","3,598","3,500","3,356","3,407","3,235","3,179","3,212","3,067",
72,"2,557","3,192","3,109","2,935","2,836","2,789","2,796","2,816","2,855","2,821","2,932","3,001","3,046","3,122","3,142","3,258","3,237","3,308","3,481","3,534","3,439","3,298","3,348","3,182","3,127","3,159",
73,"2,316","2,499","3,120","3,037","2,868","2,771","2,725","2,732","2,751","2,791","2,757","2,869","2,935","2,981","3,057","3,077","3,191","3,172","3,243","3,413","3,465","3,373","3,236","3,284","3,124","3,071",
74,"2,475","2,251","2,427","3,033","2,951","2,790","2,697","2,651","2,659","2,678","2,719","2,684","2,794","2,860","2,907","2,981","3,001","3,115","3,097","3,167","3,334","3,386","3,296","3,164","3,211","3,057",
75,"2,317","2,415","2,198","2,369","2,958","2,884","2,727","2,637","2,591","2,601","2,619","2,661","2,628","2,738","2,801","2,849","2,922","2,943","3,056","3,040","3,109","3,275","3,326","3,238","3,110","3,157",
76,"2,062","2,246","2,339","2,129","2,297","2,864","2,800","2,646","2,560","2,518","2,529","2,547","2,588","2,556","2,665","2,729","2,776","2,847","2,870","2,982","2,967","3,035","3,198","3,249","3,163","3,039",
77,"1,797","1,990","2,168","2,256","2,057","2,216","2,767","2,712","2,558","2,478","2,437","2,450","2,467","2,510","2,478","2,587","2,649","2,694","2,766","2,789","2,899","2,884","2,953","3,113","3,164","3,079",
78,"1,807","1,731","1,912","2,085","2,169","1,978","2,132","2,663","2,612","2,464","2,388","2,349","2,365","2,380","2,423","2,393","2,499","2,560","2,607","2,677","2,698","2,807","2,794","2,863","3,020","3,069",
79,"1,702","1,736","1,663","1,836","2,004","2,084","1,900","2,050","2,559","2,516","2,372","2,300","2,263","2,278","2,294","2,337","2,310","2,414","2,472","2,519","2,587","2,609","2,717","2,706","2,773","2,926",
80,"1,604","1,628","1,661","1,591","1,756","1,920","1,996","1,820","1,965","2,451","2,417","2,277","2,209","2,175","2,190","2,205","2,249","2,225","2,326","2,383","2,429","2,495","2,518","2,623","2,614","2,678",
81,"1,394","1,530","1,552","1,585","1,520","1,674","1,832","1,907","1,739","1,880","2,342","2,317","2,182","2,116","2,086","2,102","2,117","2,160","2,139","2,237","2,294","2,338","2,404","2,428","2,531","2,524",
82,"1,372","1,320","1,446","1,469","1,501","1,441","1,586","1,735","1,806","1,648","1,783","2,218","2,201","2,073","2,010","1,984","2,000","2,016","2,057","2,040","2,136","2,188","2,233","2,296","2,321","2,421",
83,"1,268","1,292","1,242","1,362","1,384","1,413","1,361","1,494","1,636","1,704","1,556","1,684","2,092","2,084","1,960","1,902","1,880","1,895","1,913","1,951","1,938","2,029","2,081","2,124","2,186","2,212",
84,"1,167","1,176","1,197","1,153","1,263","1,285","1,312","1,266","1,390","1,524","1,587","1,452","1,569","1,951","1,950","1,832","1,779","1,758","1,775","1,793","1,829","1,818","1,906","1,957","1,999","2,059",
85,"1,017","1,078","1,086","1,107","1,068","1,169","1,189","1,215","1,174","1,289","1,413","1,472","1,349","1,458","1,810","1,816","1,705","1,659","1,641","1,658","1,676","1,712","1,703","1,786","1,836","1,877",
86,956,928,983,990,"1,009",976,"1,068","1,085","1,111","1,075","1,179","1,293","1,348","1,236","1,337","1,657","1,671","1,565","1,525","1,511","1,526","1,545","1,579","1,575","1,652","1,697",
87,792,862,838,886,893,911,882,966,982,"1,007",975,"1,068","1,172","1,224","1,123","1,216","1,505","1,527","1,427","1,392","1,382","1,397","1,416","1,449","1,448","1,521",
88,674,704,765,744,787,793,811,786,862,877,900,873,955,"1,048","1,095","1,007","1,091","1,350","1,373","1,285","1,254","1,248","1,262","1,282","1,312","1,315",
89,613,591,617,672,655,692,698,715,693,760,774,795,771,844,927,970,893,968,"1,195","1,224","1,146","1,121","1,116","1,131","1,150","1,177",
90 and over,"2,062","2,173","2,254","2,347","2,457","2,542","2,640","2,741","2,845","2,939","3,052","3,163","3,269","3,340","3,456","3,619","3,798","3,923","4,083","4,456","4,748","4,959","5,126","5,271","5,404","5,557",
,,,,,,,,,,,,,,,,,,,,,,,,,,,
"2018-based principal population projections by sex, single year of age and year",,,,,,,,,,,,,,,,,,,,,,,,,,,
,,,,,,,,,,,,,,,,,,,,,,,,,,,
Highland (continued),,,,,,,,,,,,,,,,,,,,,,,,,,,
,2018,2019,2020,2021,2022,2023,2024,2025,2026,2027,2028,2029,2030,2031,2032,2033,2034,2035,2036,2037,2038,2039,2040,2041,2042,2043,
,,,,,,,,,,,,,,,,,,,,,,,,,,,
MALES,,,,,,,,,,,,,,,,,,,,,,,,,,,
All ages,"115,391","115,488","115,607","115,693","115,762","115,820","115,833","115,884","115,897","115,882","115,849","115,803","115,743","115,677","115,569","115,461","115,338","115,206","115,089","114,992","114,850","114,730","114,599","114,474","114,347","114,237",
0,"1,023","1,035","1,040","1,039","1,036","1,030","1,028","1,031","1,029","1,025","1,025","1,021","1,019","1,018","1,018","1,016","1,015","1,012","1,016","1,018","1,017","1,021","1,022","1,018","1,019","1,021",
1,"1,115","1,031","1,042","1,046","1,046","1,044","1,037","1,035","1,038","1,036","1,032","1,032","1,028","1,026","1,025","1,025","1,023","1,022","1,019","1,023","1,025","1,024","1,028","1,029","1,025","1,026",
2,"1,194","1,123","1,042","1,052","1,056","1,057","1,054","1,047","1,045","1,048","1,046","1,042","1,042","1,038","1,036","1,035","1,035","1,033","1,032","1,029","1,033","1,035","1,034","1,038","1,039","1,035",
3,"1,212","1,199","1,128","1,047","1,058","1,061","1,062","1,059","1,052","1,050","1,053","1,051","1,047","1,047","1,043","1,041","1,040","1,040","1,038","1,037","1,034","1,038","1,040","1,039","1,043","1,044",
4,"1,208","1,215","1,202","1,129","1,051","1,061","1,064","1,065","1,062","1,055","1,053","1,056","1,054","1,050","1,050","1,046","1,044","1,043","1,043","1,041","1,040","1,037","1,041","1,043","1,042","1,046",
5,"1,186","1,211","1,221","1,208","1,135","1,056","1,068","1,070","1,070","1,067","1,060","1,058","1,061","1,059","1,055","1,055","1,051","1,049","1,049","1,048","1,046","1,046","1,042","1,047","1,048","1,048",
6,"1,286","1,196","1,220","1,228","1,213","1,142","1,063","1,075","1,077","1,077","1,074","1,067","1,065","1,068","1,066","1,062","1,062","1,058","1,056","1,056","1,055","1,053","1,053","1,049","1,054","1,055",
7,"1,322","1,290","1,202","1,224","1,230","1,215","1,146","1,068","1,078","1,080","1,080","1,077","1,071","1,069","1,072","1,070","1,066","1,066","1,062","1,060","1,060","1,059","1,057","1,057","1,053","1,058",
8,"1,248","1,334","1,299","1,211","1,232","1,238","1,224","1,155","1,077","1,087","1,088","1,088","1,085","1,079","1,077","1,080","1,078","1,074","1,074","1,070","1,068","1,068","1,067","1,065","1,065","1,061",
9,"1,450","1,250","1,340","1,301","1,213","1,235","1,240","1,227","1,157","1,080","1,090","1,090","1,091","1,088","1,081","1,079","1,082","1,080","1,076","1,076","1,072","1,070","1,070","1,069","1,067","1,067",
10,"1,366","1,448","1,252","1,342","1,302","1,214","1,236","1,241","1,228","1,158","1,081","1,091","1,091","1,092","1,089","1,082","1,080","1,083","1,081","1,077","1,077","1,073","1,071","1,071","1,070","1,068",
11,"1,340","1,369","1,451","1,258","1,346","1,307","1,218","1,240","1,245","1,232","1,162","1,085","1,095","1,095","1,096","1,093","1,086","1,084","1,087","1,085","1,081","1,081","1,077","1,075","1,075","1,074",
12,"1,334","1,340","1,368","1,452","1,262","1,348","1,309","1,220","1,242","1,247","1,234","1,164","1,088","1,098","1,098","1,099","1,096","1,089","1,087","1,090","1,088","1,084","1,084","1,079","1,077","1,077",
13,"1,349","1,344","1,349","1,379","1,462","1,273","1,358","1,319","1,230","1,252","1,256","1,243","1,173","1,098","1,108","1,107","1,108","1,105","1,098","1,096","1,099","1,097","1,093","1,093","1,088","1,086",
14,"1,259","1,359","1,357","1,359","1,387","1,471","1,283","1,368","1,330","1,240","1,262","1,266","1,253","1,183","1,107","1,117","1,116","1,117","1,114","1,107","1,105","1,108","1,106","1,102","1,102","1,097",
15,"1,247","1,251","1,354","1,352","1,354","1,381","1,466","1,279","1,364","1,326","1,236","1,258","1,262","1,249","1,179","1,104","1,114","1,113","1,114","1,111","1,104","1,102","1,105","1,103","1,099","1,099",
16,"1,282","1,250","1,254","1,357","1,357","1,357","1,384","1,468","1,283","1,367","1,330","1,241","1,262","1,266","1,253","1,183","1,109","1,118","1,117","1,118","1,115","1,108","1,106","1,109","1,107","1,103",
17,"1,348","1,283","1,250","1,254","1,357","1,359","1,359","1,384","1,468","1,285","1,367","1,331","1,244","1,263","1,268","1,255","1,185","1,112","1,120","1,119","1,120","1,117","1,110","1,108","1,111","1,109",
18,"1,285","1,277","1,217","1,191","1,190","1,288","1,291","1,290","1,315","1,392","1,221","1,297","1,263","1,183","1,201","1,205","1,193","1,125","1,057","1,064","1,063","1,064","1,061","1,054","1,052","1,055",
19,"1,331","1,191","1,179","1,131","1,107","1,107","1,197","1,199","1,198","1,222","1,291","1,137","1,208","1,174","1,101","1,117","1,120","1,108","1,048",986,991,991,992,989,982,980,
20,"1,246","1,301","1,166","1,150","1,104","1,082","1,083","1,170","1,172","1,171","1,195","1,259","1,113","1,181","1,147","1,077","1,093","1,096","1,084","1,026",967,972,971,973,970,962,
21,"1,229","1,231","1,286","1,152","1,135","1,090","1,070","1,072","1,156","1,159","1,157","1,181","1,243","1,102","1,169","1,135","1,066","1,082","1,085","1,073","1,019",960,965,963,966,962,
22,"1,198","1,241","1,247","1,297","1,165","1,142","1,099","1,084","1,084","1,167","1,171","1,169","1,195","1,255","1,119","1,185","1,152","1,083","1,099","1,101","1,090","1,038",981,984,983,986,
23,"1,320","1,223","1,262","1,271","1,320","1,189","1,160","1,120","1,106","1,107","1,189","1,193","1,191","1,219","1,276","1,143","1,211","1,178","1,112","1,127","1,129","1,118","1,065","1,010","1,013","1,011",
24,"1,320","1,337","1,250","1,290","1,296","1,342","1,216","1,185","1,144","1,131","1,133","1,213","1,220","1,218","1,245","1,301","1,173","1,241","1,208","1,142","1,157","1,159","1,148","1,095","1,041","1,043",
25,"1,201","1,308","1,325","1,239","1,279","1,284","1,326","1,204","1,172","1,132","1,120","1,121","1,200","1,208","1,205","1,235","1,288","1,165","1,232","1,200","1,134","1,149","1,151","1,140","1,089","1,035",
26,"1,235","1,219","1,316","1,326","1,247","1,287","1,287","1,330","1,209","1,177","1,138","1,126","1,127","1,205","1,212","1,211","1,242","1,292","1,175","1,241","1,209","1,145","1,159","1,161","1,150","1,101",
27,"1,242","1,245","1,221","1,314","1,322","1,247","1,287","1,286","1,325","1,206","1,175","1,137","1,125","1,126","1,203","1,209","1,209","1,240","1,288","1,174","1,239","1,209","1,147","1,160","1,162","1,151",
28,"1,208","1,254","1,257","1,228","1,314","1,323","1,254","1,293","1,292","1,329","1,214","1,181","1,142","1,129","1,130","1,206","1,214","1,213","1,245","1,291","1,180","1,244","1,214","1,153","1,166","1,167",
29,"1,209","1,235","1,287","1,285","1,248","1,333","1,344","1,278","1,315","1,311","1,348","1,236","1,200","1,163","1,149","1,153","1,228","1,234","1,234","1,266","1,312","1,204","1,266","1,236","1,176","1,188",
30,"1,306","1,245","1,270","1,324","1,321","1,279","1,362","1,374","1,308","1,344","1,340","1,376","1,265","1,229","1,192","1,178","1,183","1,256","1,263","1,263","1,295","1,340","1,234","1,296","1,266","1,207",
31,"1,311","1,312","1,255","1,273","1,331","1,329","1,285","1,365","1,377","1,312","1,347","1,343","1,378","1,269","1,232","1,193","1,180","1,185","1,258","1,266","1,266","1,297","1,341","1,238","1,299","1,270",
32,"1,363","1,319","1,323","1,269","1,288","1,347","1,343","1,300","1,377","1,389","1,326","1,359","1,355","1,389","1,280","1,243","1,204","1,191","1,196","1,269","1,277","1,277","1,308","1,352","1,250","1,311",
33,"1,317","1,372","1,334","1,337","1,287","1,305","1,363","1,359","1,315","1,390","1,402","1,341","1,374","1,370","1,402","1,294","1,256","1,216","1,204","1,209","1,282","1,290","1,290","1,322","1,365","1,265",
34,"1,379","1,330","1,384","1,345","1,351","1,305","1,320","1,381","1,376","1,329","1,403","1,414","1,355","1,387","1,383","1,414","1,308","1,269","1,228","1,215","1,222","1,296","1,303","1,304","1,336","1,379",
35,"1,250","1,380","1,339","1,389","1,352","1,362","1,317","1,331","1,391","1,387","1,341","1,413","1,424","1,366","1,397","1,393","1,424","1,318","1,277","1,236","1,225","1,232","1,304","1,312","1,313","1,345",
36,"1,289","1,258","1,386","1,346","1,397","1,363","1,373","1,331","1,344","1,406","1,403","1,354","1,424","1,434","1,377","1,408","1,403","1,433","1,328","1,286","1,243","1,233","1,241","1,313","1,321","1,322",
37,"1,465","1,306","1,279","1,405","1,367","1,420","1,386","1,398","1,356","1,369","1,433","1,429","1,379","1,447","1,457","1,401","1,431","1,426","1,456","1,352","1,307","1,264","1,254","1,262","1,334","1,342",
38,"1,353","1,468","1,315","1,288","1,415","1,377","1,429","1,396","1,408","1,368","1,381","1,446","1,442","1,391","1,458","1,468","1,412","1,442","1,436","1,467","1,364","1,317","1,273","1,264","1,272","1,344",
39,"1,337","1,369","1,478","1,330","1,303","1,428","1,391","1,444","1,411","1,424","1,384","1,397","1,463","1,458","1,407","1,473","1,483","1,428","1,457","1,451","1,481","1,379","1,332","1,287","1,280","1,288",
40,"1,255","1,357","1,392","1,499","1,351","1,328","1,450","1,414","1,468","1,435","1,448","1,409","1,422","1,490","1,485","1,432","1,497","1,507","1,453","1,481","1,475","1,504","1,403","1,354","1,309","1,301",
41,"1,200","1,255","1,359","1,394","1,503","1,357","1,333","1,454","1,419","1,472","1,439","1,454","1,416","1,429","1,496","1,491","1,438","1,502","1,512","1,459","1,487","1,482","1,510","1,408","1,360","1,314",
42,"1,310","1,196","1,252","1,357","1,394","1,499","1,357","1,334","1,455","1,420","1,473","1,440","1,455","1,418","1,431","1,498","1,493","1,440","1,503","1,514","1,460","1,487","1,482","1,511","1,409","1,362",
43,"1,332","1,323","1,211","1,265","1,370","1,409","1,512","1,372","1,349","1,469","1,435","1,488","1,455","1,471","1,435","1,447","1,514","1,509","1,456","1,518","1,529","1,476","1,502","1,497","1,525","1,424",
44,"1,276","1,345","1,337","1,223","1,275","1,381","1,422","1,525","1,388","1,365","1,484","1,451","1,503","1,471","1,487","1,452","1,462","1,529","1,525","1,472","1,533","1,544","1,492","1,517","1,512","1,539",
45,"1,393","1,271","1,339","1,334","1,222","1,274","1,380","1,422","1,524","1,389","1,366","1,483","1,452","1,503","1,471","1,488","1,454","1,464","1,531","1,526","1,473","1,533","1,545","1,494","1,518","1,513",
46,"1,485","1,405","1,282","1,348","1,342","1,232","1,283","1,390","1,432","1,532","1,399","1,376","1,492","1,462","1,512","1,481","1,499","1,465","1,475","1,543","1,536","1,483","1,542","1,554","1,505","1,528",
47,"1,625","1,495","1,414","1,291","1,357","1,350","1,242","1,292","1,399","1,440","1,539","1,408","1,386","1,500","1,470","1,520","1,490","1,510","1,475","1,485","1,554","1,546","1,492","1,551","1,562","1,515",
48,"1,572","1,637","1,508","1,430","1,307","1,371","1,365","1,257","1,307","1,413","1,454","1,553","1,422","1,401","1,514","1,485","1,535","1,505","1,525","1,491","1,501","1,570","1,562","1,508","1,566","1,577",
49,"1,597","1,569","1,634","1,506","1,429","1,306","1,370","1,364","1,256","1,307","1,412","1,453","1,552","1,421","1,400","1,513","1,484","1,534","1,505","1,525","1,491","1,501","1,571","1,562","1,508","1,565",
50,"1,748","1,605","1,574","1,639","1,513","1,433","1,313","1,375","1,368","1,261","1,312","1,417","1,458","1,557","1,427","1,406","1,518","1,490","1,540","1,511","1,531","1,498","1,508","1,579","1,570","1,515",
51,"1,805","1,760","1,621","1,588","1,656","1,528","1,447","1,329","1,390","1,382","1,275","1,326","1,431","1,472","1,572","1,442","1,421","1,533","1,505","1,556","1,527","1,547","1,515","1,525","1,596","1,587",
52,"1,876","1,793","1,751","1,612","1,581","1,650","1,520","1,439","1,322","1,382","1,374","1,268","1,320","1,424","1,466","1,564","1,436","1,415","1,526","1,499","1,550","1,521","1,541","1,509","1,519","1,591",
53,"1,862","1,874","1,792","1,747","1,610","1,577","1,646","1,517","1,437","1,320","1,380","1,372","1,268","1,319","1,423","1,464","1,561","1,435","1,415","1,523","1,498","1,549","1,520","1,540","1,508","1,519",
54,"1,826","1,870","1,880","1,799","1,753","1,617","1,585","1,653","1,525","1,446","1,329","1,388","1,379","1,276","1,327","1,430","1,471","1,568","1,443","1,423","1,531","1,506","1,557","1,528","1,548","1,517",
55,"1,813","1,823","1,868","1,878","1,798","1,753","1,618","1,585","1,654","1,526","1,448","1,332","1,389","1,380","1,278","1,329","1,430","1,473","1,569","1,446","1,425","1,532","1,508","1,559","1,530","1,550",
56,"1,801","1,820","1,831","1,876","1,885","1,807","1,762","1,630","1,595","1,662","1,536","1,458","1,342","1,398","1,387","1,286","1,337","1,438","1,481","1,577","1,455","1,434","1,541","1,517","1,569","1,540",
57,"1,769","1,800","1,815","1,827","1,871","1,881","1,803","1,760","1,631","1,595","1,661","1,537","1,459","1,344","1,399","1,387","1,289","1,338","1,439","1,483","1,577","1,458","1,437","1,542","1,519","1,571",
58,"1,781","1,774","1,805","1,821","1,832","1,876","1,885","1,809","1,766","1,638","1,603","1,667","1,544","1,468","1,352","1,406","1,393","1,296","1,345","1,445","1,490","1,584","1,466","1,445","1,549","1,527",
59,"1,732","1,774","1,766","1,798","1,816","1,826","1,870","1,879","1,804","1,761","1,634","1,599","1,663","1,541","1,466","1,350","1,403","1,391","1,296","1,344","1,443","1,489","1,583","1,467","1,446","1,548",
60,"1,668","1,727","1,770","1,763","1,795","1,812","1,823","1,868","1,875","1,802","1,760","1,634","1,599","1,662","1,543","1,468","1,353","1,405","1,392","1,298","1,346","1,445","1,490","1,584","1,470","1,449",
61,"1,748","1,676","1,733","1,777","1,772","1,804","1,820","1,832","1,877","1,884","1,812","1,770","1,645","1,610","1,672","1,554","1,480","1,364","1,415","1,403","1,309","1,357","1,456","1,501","1,595","1,484",
62,"1,637","1,725","1,656","1,712","1,756","1,753","1,785","1,803","1,814","1,858","1,866","1,796","1,754","1,631","1,595","1,657","1,541","1,467","1,352","1,402","1,390","1,298","1,344","1,444","1,489","1,583",
63,"1,579","1,622","1,711","1,642","1,703","1,747","1,742","1,775","1,792","1,804","1,848","1,855","1,786","1,744","1,623","1,588","1,650","1,535","1,461","1,347","1,397","1,385","1,294","1,339","1,440","1,484",
64,"1,589","1,574","1,617","1,704","1,639","1,699","1,743","1,739","1,773","1,792","1,803","1,846","1,854","1,786","1,745","1,626","1,590","1,652","1,537","1,464","1,350","1,399","1,386","1,297","1,341","1,441",
65,"1,509","1,586","1,569","1,613","1,698","1,635","1,694","1,739","1,736","1,771","1,790","1,800","1,844","1,851","1,785","1,745","1,626","1,591","1,653","1,538","1,465","1,353","1,400","1,388","1,299","1,343",
66,"1,532","1,490","1,566","1,549","1,592","1,678","1,618","1,675","1,721","1,717","1,753","1,773","1,783","1,827","1,833","1,768","1,728","1,612","1,576","1,637","1,525","1,452","1,341","1,387","1,374","1,288",
67,"1,493","1,511","1,471","1,546","1,529","1,572","1,658","1,599","1,656","1,702","1,698","1,735","1,755","1,765","1,809","1,814","1,750","1,711","1,598","1,561","1,621","1,512","1,439","1,330","1,375","1,361",
68,"1,520","1,472","1,486","1,448","1,522","1,505","1,548","1,633","1,575","1,632","1,677","1,674","1,711","1,731","1,741","1,785","1,789","1,727","1,689","1,578","1,542","1,601","1,492","1,422","1,314","1,358",
69,"1,548","1,492","1,445","1,455","1,420","1,492","1,477","1,520","1,603","1,548","1,603","1,649","1,646","1,682","1,703","1,713","1,757","1,760","1,700","1,664","1,555","1,520","1,577","1,469","1,401","1,295",
70,"1,627","1,512","1,456","1,411","1,420","1,387","1,457","1,444","1,486","1,567","1,514","1,569","1,615","1,613","1,648","1,669","1,679","1,722","1,727","1,668","1,633","1,526","1,492","1,547","1,441","1,376",
71,"1,567","1,583","1,475","1,421","1,376","1,385","1,354","1,422","1,411","1,452","1,532","1,480","1,536","1,580","1,579","1,614","1,635","1,645","1,689","1,693","1,635","1,602","1,497","1,463","1,517","1,414",
72,"1,253","1,524","1,542","1,438","1,385","1,341","1,350","1,322","1,387","1,378","1,418","1,498","1,447","1,501","1,545","1,544","1,580","1,602","1,610","1,654","1,659","1,602","1,569","1,468","1,435","1,487",
73,"1,149","1,219","1,480","1,498","1,398","1,347","1,304","1,314","1,286","1,351","1,342","1,383","1,460","1,411","1,465","1,508","1,507","1,543","1,566","1,573","1,616","1,622","1,567","1,534","1,436","1,405",
74,"1,195","1,110","1,175","1,428","1,444","1,351","1,302","1,261","1,271","1,244","1,308","1,298","1,338","1,415","1,368","1,420","1,462","1,462","1,498","1,521","1,528","1,570","1,576","1,524","1,492","1,397",
75,"1,043","1,154","1,074","1,137","1,380","1,398","1,309","1,262","1,222","1,233","1,206","1,270","1,260","1,301","1,375","1,330","1,381","1,422","1,423","1,459","1,481","1,489","1,530","1,536","1,487","1,456",
76,979,"1,002","1,109","1,032","1,095","1,326","1,348","1,262","1,216","1,179","1,191","1,164","1,227","1,217","1,257","1,331","1,287","1,336","1,377","1,379","1,415","1,436","1,444","1,485","1,491","1,443",
77,788,941,964,"1,065",995,"1,053","1,276","1,303","1,217","1,175","1,139","1,152","1,125","1,188","1,177","1,218","1,290","1,247","1,296","1,337","1,339","1,373","1,396","1,404","1,445","1,450",
78,817,753,897,920,"1,016",951,"1,006","1,219","1,245","1,164","1,124","1,090","1,105","1,078","1,139","1,129","1,169","1,238","1,199","1,246","1,285","1,288","1,321","1,344","1,353","1,392",
79,758,776,715,852,876,967,904,958,"1,161","1,187","1,110","1,072","1,040","1,054","1,029","1,089","1,080","1,119","1,184","1,149","1,194","1,232","1,236","1,269","1,291","1,299",
80,710,716,733,675,805,830,915,856,908,"1,101","1,127","1,054","1,018",988,"1,002",978,"1,036","1,029","1,067","1,129","1,096","1,139","1,176","1,180","1,212","1,233",
81,604,672,677,694,641,763,788,869,814,864,"1,047","1,074","1,005",970,943,957,935,990,984,"1,021","1,081","1,049","1,092","1,129","1,133","1,165",
82,556,566,628,634,650,602,716,740,815,764,812,983,"1,012",946,913,889,902,883,935,931,966,"1,022",993,"1,034","1,070","1,074",
83,535,521,530,588,593,608,565,670,694,765,717,763,922,955,891,860,839,851,835,883,882,915,968,942,981,"1,017",
84,519,490,478,487,539,544,558,520,618,640,704,662,704,851,885,825,797,777,790,775,820,820,851,902,879,915,
85,413,474,448,437,446,494,499,512,478,568,588,647,611,649,783,817,762,738,720,733,719,762,762,791,840,820,
86,381,370,426,403,393,401,446,448,461,431,513,531,585,553,588,708,744,691,671,655,667,655,695,697,723,768,
87,305,340,330,379,358,350,358,399,402,414,387,460,476,527,498,531,637,674,625,607,594,605,594,632,636,660,
88,265,266,297,288,331,314,307,315,351,354,365,342,407,420,466,442,471,566,598,557,541,530,541,532,566,572,
89,239,229,228,257,249,287,272,267,274,305,308,318,298,355,367,408,388,414,496,527,491,479,469,480,472,503,
90 and over,644,700,743,790,845,891,946,997,"1,043","1,087","1,145","1,199","1,250","1,282","1,341","1,414","1,505","1,572","1,654","1,816","1,951","2,049","2,128","2,191","2,251","2,314",
,,,,,,,,,,,,,,,,,,,,,,,,,,,
"2018-based principal population projections by sex, single year of age and year",,,,,,,,,,,,,,,,,,,,,,,,,,,
,,,,,,,,,,,,,,,,,,,,,,,,,,,
Highland (continued),,,,,,,,,,,,,,,,,,,,,,,,,,,
,2018,2019,2020,2021,2022,2023,2024,2025,2026,2027,2028,2029,2030,2031,2032,2033,2034,2035,2036,2037,2038,2039,2040,2041,2042,2043,
,,,,,,,,,,,,,,,,,,,,,,,,,,,
FEMALES,,,,,,,,,,,,,,,,,,,,,,,,,,,
All ages,"120,149","120,305","120,471","120,634","120,726","120,823","120,876","120,884","120,865","120,855","120,815","120,750","120,671","120,563","120,459","120,322","120,174","120,078","119,952","119,854","119,709","119,577","119,451","119,308","119,163","119,013",
0,"1,025",988,998,996,986,982,978,982,979,981,979,974,976,973,968,971,967,969,969,970,970,976,975,972,975,973,
1,"1,032","1,031",992,"1,004","1,003",994,988,983,987,984,987,984,979,981,979,974,977,973,975,975,976,976,982,981,978,981,
2,"1,085","1,046","1,044","1,002","1,015","1,014","1,004",998,993,997,994,997,994,989,991,989,984,987,983,985,985,986,986,992,991,988,
3,"1,190","1,093","1,054","1,051","1,009","1,022","1,022","1,012","1,006","1,001","1,005","1,002","1,005","1,002",997,999,997,992,995,991,993,993,994,994,"1,000",999,
4,"1,092","1,192","1,096","1,058","1,054","1,013","1,026","1,025","1,015","1,009","1,004","1,008","1,005","1,008","1,005","1,000","1,002","1,000",995,998,994,996,996,997,997,"1,003",
5,"1,207","1,101","1,202","1,105","1,067","1,062","1,021","1,034","1,033","1,023","1,017","1,012","1,016","1,013","1,016","1,013","1,008","1,010","1,008","1,003","1,006","1,002","1,004","1,004","1,005","1,005",
6,"1,208","1,210","1,105","1,204","1,110","1,072","1,067","1,026","1,038","1,037","1,027","1,021","1,016","1,020","1,017","1,020","1,017","1,012","1,014","1,012","1,007","1,010","1,006","1,008","1,008","1,009",
7,"1,256","1,215","1,214","1,110","1,207","1,114","1,077","1,071","1,030","1,042","1,041","1,031","1,025","1,020","1,024","1,021","1,024","1,021","1,016","1,018","1,016","1,011","1,014","1,010","1,012","1,012",
8,"1,222","1,265","1,226","1,225","1,120","1,217","1,124","1,087","1,081","1,039","1,051","1,050","1,040","1,034","1,029","1,033","1,030","1,033","1,030","1,025","1,027","1,025","1,020","1,023","1,019","1,021",
9,"1,256","1,227","1,273","1,232","1,233","1,127","1,224","1,130","1,093","1,086","1,045","1,057","1,056","1,046","1,040","1,035","1,039","1,036","1,039","1,036","1,031","1,033","1,031","1,026","1,029","1,025",
10,"1,310","1,268","1,236","1,280","1,241","1,242","1,136","1,231","1,138","1,101","1,093","1,052","1,065","1,064","1,054","1,048","1,043","1,047","1,044","1,047","1,044","1,039","1,041","1,039","1,034","1,037",
11,"1,266","1,316","1,275","1,244","1,288","1,250","1,250","1,145","1,239","1,146","1,109","1,101","1,060","1,072","1,071","1,061","1,055","1,050","1,054","1,051","1,054","1,051","1,046","1,048","1,046","1,041",
12,"1,268","1,265","1,316","1,276","1,244","1,289","1,251","1,251","1,146","1,239","1,146","1,109","1,101","1,060","1,072","1,070","1,060","1,055","1,050","1,054","1,051","1,054","1,051","1,046","1,048","1,046",
13,"1,257","1,271","1,269","1,319","1,281","1,249","1,292","1,255","1,255","1,150","1,243","1,150","1,113","1,104","1,063","1,076","1,073","1,064","1,059","1,054","1,058","1,055","1,058","1,055","1,050","1,052",
14,"1,276","1,266","1,283","1,281","1,331","1,294","1,261","1,305","1,268","1,268","1,163","1,255","1,162","1,125","1,115","1,074","1,087","1,084","1,075","1,070","1,065","1,069","1,066","1,069","1,065","1,060",
15,"1,246","1,270","1,259","1,279","1,274","1,328","1,288","1,255","1,299","1,262","1,262","1,157","1,249","1,156","1,119","1,109","1,068","1,081","1,078","1,069","1,064","1,059","1,063","1,060","1,063","1,059",
16,"1,228","1,244","1,269","1,260","1,279","1,275","1,330","1,289","1,256","1,300","1,262","1,262","1,157","1,249","1,156","1,120","1,110","1,069","1,082","1,079","1,070","1,065","1,060","1,064","1,061","1,064",
17,"1,234","1,215","1,231","1,257","1,249","1,267","1,263","1,317","1,277","1,244","1,288","1,250","1,250","1,146","1,237","1,145","1,108","1,098","1,057","1,071","1,068","1,059","1,054","1,049","1,053","1,050",
18,"1,097","1,124","1,105","1,122","1,141","1,132","1,153","1,151","1,200","1,165","1,136","1,177","1,140","1,140","1,049","1,126","1,045","1,008","1,001",964,977,974,965,960,955,959,
19,"1,091",953,978,960,978,999,988,"1,005","1,006","1,049","1,021",993,"1,031",998,996,919,981,913,881,877,842,855,853,845,840,835,
20,"1,030","1,062",933,955,939,957,976,963,986,986,"1,027","1,003",972,"1,012",981,977,905,961,897,867,859,825,838,836,828,823,
21,993,"1,055","1,084",957,977,960,978,996,986,"1,009","1,010","1,053","1,031",999,"1,040","1,010","1,004",937,987,926,896,887,854,865,863,855,
22,"1,070","1,039","1,094","1,123",994,"1,013",992,"1,012","1,029","1,021","1,045","1,046","1,093","1,071","1,039","1,081","1,052","1,044",979,"1,024",966,934,925,892,904,902,
23,"1,149","1,102","1,075","1,125","1,153","1,027","1,044","1,022","1,041","1,059","1,052","1,078","1,080","1,127","1,107","1,075","1,117","1,091","1,080","1,018","1,058","1,004",973,961,929,939,
24,"1,242","1,178","1,137","1,117","1,161","1,191","1,062","1,077","1,053","1,071","1,091","1,086","1,112","1,115","1,162","1,146","1,114","1,157","1,133","1,120","1,060","1,097","1,045","1,014","1,000",968,
25,"1,179","1,243","1,188","1,146","1,129","1,167","1,195","1,070","1,085","1,059","1,076","1,097","1,093","1,119","1,123","1,169","1,156","1,124","1,164","1,142","1,129","1,071","1,107","1,057","1,025","1,011",
26,"1,187","1,197","1,255","1,202","1,162","1,146","1,177","1,204","1,081","1,094","1,067","1,085","1,106","1,103","1,128","1,133","1,182","1,170","1,136","1,177","1,156","1,141","1,087","1,119","1,072","1,040",
27,"1,237","1,207","1,215","1,265","1,209","1,175","1,157","1,186","1,211","1,088","1,100","1,072","1,091","1,112","1,109","1,134","1,139","1,192","1,181","1,147","1,187","1,166","1,152","1,098","1,129","1,083",
28,"1,203","1,263","1,228","1,232","1,277","1,226","1,191","1,173","1,200","1,224","1,103","1,115","1,087","1,105","1,126","1,124","1,149","1,155","1,208","1,198","1,165","1,204","1,183","1,168","1,116","1,146",
29,"1,234","1,224","1,282","1,249","1,249","1,291","1,239","1,207","1,190","1,215","1,236","1,116","1,129","1,101","1,118","1,139","1,138","1,163","1,168","1,224","1,215","1,182","1,221","1,199","1,185","1,134",
30,"1,318","1,264","1,253","1,316","1,283","1,280","1,318","1,264","1,231","1,215","1,239","1,260","1,138","1,150","1,122","1,139","1,160","1,159","1,184","1,189","1,246","1,238","1,205","1,244","1,223","1,208",
31,"1,347","1,330","1,281","1,271","1,333","1,299","1,295","1,329","1,273","1,241","1,225","1,249","1,269","1,146","1,158","1,130","1,146","1,167","1,167","1,192","1,198","1,255","1,248","1,215","1,254","1,234",
32,"1,340","1,374","1,356","1,311","1,301","1,364","1,332","1,326","1,358","1,301","1,270","1,253","1,277","1,297","1,173","1,185","1,156","1,172","1,193","1,193","1,219","1,225","1,284","1,276","1,243","1,282",
33,"1,417","1,358","1,395","1,388","1,341","1,332","1,394","1,362","1,355","1,385","1,328","1,297","1,281","1,304","1,324","1,201","1,212","1,182","1,197","1,219","1,219","1,245","1,251","1,311","1,303","1,270",
34,"1,403","1,438","1,382","1,418","1,413","1,366","1,359","1,421","1,390","1,383","1,410","1,353","1,322","1,305","1,329","1,348","1,225","1,236","1,205","1,220","1,242","1,242","1,269","1,275","1,336","1,328",
35,"1,422","1,425","1,462","1,407","1,442","1,438","1,394","1,386","1,448","1,418","1,410","1,435","1,377","1,346","1,330","1,353","1,371","1,248","1,259","1,228","1,242","1,264","1,265","1,292","1,299","1,361",
36,"1,480","1,428","1,430","1,471","1,417","1,453","1,447","1,405","1,397","1,459","1,428","1,420","1,445","1,386","1,356","1,340","1,363","1,381","1,258","1,269","1,238","1,252","1,274","1,275","1,302","1,309",
37,"1,462","1,488","1,439","1,442","1,483","1,426","1,464","1,459","1,418","1,410","1,472","1,441","1,433","1,457","1,398","1,368","1,352","1,375","1,393","1,270","1,281","1,250","1,263","1,286","1,287","1,314",
38,"1,407","1,472","1,501","1,454","1,455","1,497","1,440","1,478","1,472","1,433","1,425","1,487","1,457","1,448","1,471","1,412","1,382","1,367","1,389","1,406","1,284","1,294","1,263","1,275","1,298","1,300",
39,"1,350","1,408","1,474","1,503","1,458","1,457","1,499","1,444","1,481","1,475","1,437","1,429","1,491","1,462","1,451","1,474","1,415","1,385","1,370","1,392","1,408","1,286","1,296","1,265","1,276","1,299",
40,"1,253","1,361","1,422","1,486","1,515","1,470","1,468","1,512","1,457","1,494","1,489","1,450","1,442","1,504","1,476","1,464","1,486","1,428","1,398","1,384","1,405","1,421","1,300","1,309","1,278","1,288",
41,"1,281","1,258","1,365","1,428","1,490","1,517","1,474","1,472","1,516","1,462","1,499","1,494","1,455","1,447","1,509","1,482","1,469","1,490","1,433","1,403","1,390","1,410","1,426","1,306","1,314","1,283",
42,"1,392","1,296","1,275","1,384","1,445","1,508","1,535","1,493","1,491","1,535","1,482","1,519","1,514","1,476","1,468","1,530","1,504","1,490","1,509","1,452","1,422","1,410","1,429","1,444","1,326","1,333",
43,"1,434","1,405","1,309","1,289","1,399","1,461","1,524","1,551","1,510","1,507","1,551","1,499","1,536","1,531","1,494","1,486","1,548","1,523","1,508","1,526","1,469","1,439","1,426","1,445","1,460","1,342",
44,"1,450","1,447","1,419","1,323","1,303","1,411","1,474","1,537","1,564","1,523","1,520","1,564","1,513","1,550","1,545","1,508","1,500","1,562","1,537","1,523","1,540","1,483","1,453","1,440","1,459","1,473",
45,"1,567","1,452","1,451","1,422","1,325","1,305","1,412","1,476","1,539","1,566","1,525","1,522","1,566","1,516","1,553","1,548","1,512","1,504","1,566","1,542","1,527","1,543","1,486","1,456","1,443","1,462",
46,"1,694","1,572","1,457","1,455","1,427","1,330","1,310","1,415","1,480","1,543","1,570","1,529","1,526","1,570","1,521","1,558","1,553","1,518","1,510","1,572","1,549","1,533","1,548","1,491","1,461","1,448",
47,"1,754","1,702","1,583","1,465","1,465","1,436","1,339","1,319","1,425","1,490","1,553","1,580","1,540","1,537","1,580","1,532","1,569","1,564","1,530","1,521","1,584","1,561","1,544","1,559","1,502","1,472",
48,"1,789","1,758","1,709","1,590","1,469","1,467","1,441","1,343","1,324","1,429","1,495","1,558","1,585","1,544","1,541","1,585","1,538","1,574","1,570","1,536","1,527","1,590","1,568","1,550","1,564","1,508",
49,"1,808","1,795","1,765","1,717","1,598","1,476","1,473","1,447","1,348","1,330","1,434","1,500","1,564","1,592","1,551","1,548","1,592","1,546","1,581","1,579","1,545","1,536","1,600","1,578","1,559","1,572",
50,"1,910","1,819","1,802","1,772","1,724","1,608","1,485","1,480","1,454","1,355","1,337","1,441","1,508","1,572","1,601","1,560","1,557","1,601","1,556","1,591","1,589","1,556","1,547","1,611","1,590","1,570",
51,"1,818","1,926","1,837","1,819","1,787","1,742","1,625","1,501","1,495","1,469","1,370","1,352","1,455","1,524","1,588","1,617","1,576","1,573","1,617","1,573","1,608","1,606","1,574","1,565","1,629","1,609",
52,"1,923","1,820","1,922","1,834","1,814","1,784","1,740","1,621","1,497","1,492","1,466","1,367","1,349","1,452","1,521","1,585","1,614","1,573","1,570","1,614","1,571","1,606","1,604","1,572","1,563","1,627",
53,"2,054","1,926","1,825","1,927","1,839","1,823","1,790","1,747","1,629","1,505","1,499","1,474","1,375","1,357","1,459","1,530","1,592","1,622","1,581","1,579","1,623","1,580","1,615","1,614","1,582","1,573",
54,"2,056","2,058","1,932","1,834","1,934","1,849","1,830","1,796","1,753","1,635","1,512","1,505","1,480","1,381","1,363","1,464","1,535","1,597","1,627","1,587","1,584","1,628","1,586","1,621","1,620","1,590",
55,"1,856","2,062","2,064","1,944","1,842","1,940","1,858","1,838","1,805","1,762","1,644","1,521","1,513","1,488","1,389","1,370","1,472","1,543","1,606","1,636","1,596","1,593","1,637","1,596","1,631","1,630",
56,"1,833","1,878","2,081","2,085","1,965","1,865","1,961","1,879","1,859","1,826","1,783","1,664","1,542","1,532","1,507","1,409","1,389","1,492","1,564","1,628","1,658","1,618","1,615","1,660","1,620","1,655",
57,"1,926","1,847","1,894","2,095","2,099","1,982","1,881","1,977","1,895","1,874","1,843","1,800","1,681","1,558","1,547","1,522","1,425","1,405","1,508","1,579","1,645","1,675","1,634","1,632","1,677","1,637",
58,"1,778","1,920","1,842","1,890","2,090","2,094","1,977","1,877","1,973","1,891","1,870","1,840","1,797","1,678","1,555","1,543","1,518","1,421","1,402","1,504","1,575","1,641","1,671","1,631","1,628","1,673",
59,"1,809","1,781","1,921","1,846","1,893","2,091","2,095","1,979","1,879","1,974","1,894","1,873","1,843","1,799","1,680","1,557","1,544","1,520","1,423","1,404","1,506","1,578","1,643","1,674","1,634","1,631",
60,"1,794","1,805","1,779","1,914","1,840","1,888","2,084","2,089","1,973","1,875","1,969","1,889","1,868","1,838","1,795","1,676","1,554","1,541","1,517","1,420","1,401","1,503","1,575","1,639","1,670","1,630",
61,"1,675","1,779","1,794","1,768","1,900","1,829","1,877","2,068","2,074","1,959","1,863","1,955","1,876","1,855","1,826","1,783","1,664","1,543","1,532","1,507","1,410","1,393","1,494","1,566","1,629","1,661",
62,"1,692","1,679","1,779","1,797","1,769","1,903","1,832","1,881","2,070","2,076","1,963","1,867","1,958","1,880","1,859","1,830","1,787","1,668","1,548","1,536","1,511","1,414","1,397","1,499","1,571","1,635",
63,"1,607","1,682","1,670","1,772","1,789","1,763","1,894","1,825","1,873","2,059","2,065","1,953","1,860","1,949","1,872","1,850","1,822","1,781","1,661","1,543","1,531","1,506","1,409","1,393","1,495","1,566",
64,"1,633","1,602","1,679","1,667","1,769","1,786","1,760","1,890","1,824","1,873","2,057","2,062","1,952","1,860","1,948","1,871","1,848","1,823","1,781","1,663","1,542","1,531","1,506","1,409","1,394","1,496",
65,"1,646","1,615","1,585","1,661","1,650","1,751","1,769","1,743","1,872","1,806","1,856","2,037","2,043","1,934","1,843","1,930","1,854","1,832","1,807","1,764","1,648","1,527","1,516","1,492","1,396","1,382",
66,"1,578","1,630","1,599","1,567","1,643","1,633","1,733","1,752","1,726","1,854","1,789","1,839","2,019","2,025","1,918","1,827","1,914","1,838","1,816","1,792","1,749","1,633","1,512","1,502","1,478","1,383",
67,"1,563","1,564","1,614","1,583","1,553","1,628","1,619","1,717","1,737","1,711","1,838","1,774","1,824","2,001","2,008","1,902","1,811","1,898","1,824","1,802","1,778","1,735","1,621","1,499","1,490","1,466",
68,"1,553","1,547","1,546","1,597","1,566","1,538","1,612","1,603","1,700","1,721","1,695","1,821","1,758","1,808","1,983","1,991","1,885","1,795","1,881","1,810","1,787","1,764","1,720","1,608","1,486","1,478",
69,"1,582","1,532","1,525","1,523","1,572","1,544","1,516","1,590","1,580","1,677","1,698","1,673","1,796","1,734","1,785","1,957","1,965","1,861","1,772","1,858","1,787","1,764","1,742","1,698","1,588","1,467",
70,"1,627","1,557","1,508","1,501","1,499","1,548","1,521","1,494","1,567","1,557","1,653","1,674","1,650","1,771","1,711","1,761","1,931","1,940","1,837","1,750","1,834","1,765","1,743","1,721","1,678","1,570",
71,"1,699","1,596","1,526","1,478","1,473","1,472","1,521","1,493","1,467","1,539","1,529","1,624","1,646","1,622","1,741","1,682","1,732","1,899","1,909","1,807","1,721","1,805","1,738","1,716","1,695","1,653",
72,"1,304","1,668","1,567","1,497","1,451","1,448","1,446","1,494","1,468","1,443","1,514","1,503","1,599","1,621","1,597","1,714","1,657","1,706","1,871","1,880","1,780","1,696","1,779","1,714","1,692","1,672",
73,"1,167","1,280","1,640","1,539","1,470","1,424","1,421","1,418","1,465","1,440","1,415","1,486","1,475","1,570","1,592","1,569","1,684","1,629","1,677","1,840","1,849","1,751","1,669","1,750","1,688","1,666",
74,"1,280","1,141","1,252","1,605","1,507","1,439","1,395","1,390","1,388","1,434","1,411","1,386","1,456","1,445","1,539","1,561","1,539","1,653","1,599","1,646","1,806","1,816","1,720","1,640","1,719","1,660",
75,"1,274","1,261","1,124","1,232","1,578","1,486","1,418","1,375","1,369","1,368","1,413","1,391","1,368","1,437","1,426","1,519","1,541","1,521","1,633","1,581","1,628","1,786","1,796","1,702","1,623","1,701",
76,"1,083","1,244","1,230","1,097","1,202","1,538","1,452","1,384","1,344","1,339","1,338","1,383","1,361","1,339","1,408","1,398","1,489","1,511","1,493","1,603","1,552","1,599","1,754","1,764","1,672","1,596",
77,"1,009","1,049","1,204","1,191","1,062","1,163","1,491","1,409","1,341","1,303","1,298","1,298","1,342","1,322","1,301","1,369","1,359","1,447","1,470","1,452","1,560","1,511","1,557","1,709","1,719","1,629",
78,990,978,"1,015","1,165","1,153","1,027","1,126","1,444","1,367","1,300","1,264","1,259","1,260","1,302","1,284","1,264","1,330","1,322","1,408","1,431","1,413","1,519","1,473","1,519","1,667","1,677",
79,944,960,948,984,"1,128","1,117",996,"1,092","1,398","1,329","1,262","1,228","1,223","1,224","1,265","1,248","1,230","1,295","1,288","1,370","1,393","1,377","1,481","1,437","1,482","1,627",
80,894,912,928,916,951,"1,090","1,081",964,"1,057","1,350","1,290","1,223","1,191","1,187","1,188","1,227","1,213","1,196","1,259","1,254","1,333","1,356","1,342","1,443","1,402","1,445",
81,790,858,875,891,879,911,"1,044","1,038",925,"1,016","1,295","1,243","1,177","1,146","1,143","1,145","1,182","1,170","1,155","1,216","1,213","1,289","1,312","1,299","1,398","1,359",
82,816,754,818,835,851,839,870,995,991,884,971,"1,235","1,189","1,127","1,097","1,095","1,098","1,133","1,122","1,109","1,170","1,166","1,240","1,262","1,251","1,347",
83,733,771,712,774,791,805,796,824,942,939,839,921,"1,170","1,129","1,069","1,042","1,041","1,044","1,078","1,068","1,056","1,114","1,113","1,182","1,205","1,195",
84,648,686,719,666,724,741,754,746,772,884,883,790,865,"1,100","1,065","1,007",982,981,985,"1,018","1,009",998,"1,055","1,055","1,120","1,144",
85,604,604,638,670,622,675,690,703,696,721,825,825,738,809,"1,027",999,943,921,921,925,957,950,941,995,996,"1,057",
86,575,558,557,587,616,575,622,637,650,644,666,762,763,683,749,949,927,874,854,856,859,890,884,878,929,929,
87,487,522,508,507,535,561,524,567,580,593,588,608,696,697,625,685,868,853,802,785,788,792,822,817,812,861,
88,409,438,468,456,456,479,504,471,511,523,535,531,548,628,629,565,620,784,775,728,713,718,721,750,746,743,
89,374,362,389,415,406,405,426,448,419,455,466,477,473,489,560,562,505,554,699,697,655,642,647,651,678,674,
90 and over,"1,418","1,473","1,511","1,557","1,612","1,651","1,694","1,744","1,802","1,852","1,907","1,964","2,019","2,058","2,115","2,205","2,293","2,351","2,429","2,640","2,797","2,910","2,998","3,080","3,153","3,243",
,,,,,,,,,,,,,,,,,,,,,,,,,,,
 Crown Copyright 2020,,,,,,,,,,,,,,,,,,,,,,,,,,,
,,,,,,,,,,,,,,,,,,,,,,,,,,,
,,,,,,,,,,,,,,,,,,,,,,,,,,,
,,,,,,,,,,,,,,,,,,,,,,,,,,,
,,,,,,,,,,,,,,,,,,,,,,,,,,,
,,,,,,,,,,,,,,,,,,,,,,,,,,,
,,,,,,,,,,,,,,,,,,,,,,,,,,,
,,,,,,,,,,,,,,,,,,,,,,,,,,,
,,,,,,,,,,,,,,,,,,,,,,,,,,,
,,,,,,,,,,,,,,,,,,,,,,,,,,,
,,,,,,,,,,,,,,,,,,,,,,,,,,,
,,,,,,,,,,,,,,,,,,,,,,,,,,,
,,,,,,,,,,,,,,,,,,,,,,,,,,,
,,,,,,,,,,,,,,,,,,,,,,,,,,,
,,,,,,,,,,,,,,,,,,,,,,,,,,,
,,,,,,,,,,,,,,,,,,,,,,,,,,,
,,,,,,,,,,,,,,,,,,,,,,,,,,,
,,,,,,,,,,,,,,,,,,,,,,,,,,,
,,,,,,,,,,,,,,,,,,,,,,,,,,,
,,,,,,,,,,,,,,,,,,,,,,,,,,,
,,,,,,,,,,,,,,,,,,,,,,,,,,,
,,,,,,,,,,,,,,,,,,,,,,,,,,,
,,,,,,,,,,,,,,,,,,,,,,,,,,,
,,,,,,,,,,,,,,,,,,,,,,,,,,,
,,,,,,,,,,,,,,,,,,,,,,,,,,,
,,,,,,,,,,,,,,,,,,,,,,,,,,,
,,,,,,,,,,,,,,,,,,,,,,,,,,,
,,,,,,,,,,,,,,,,,,,,,,,,,,,
,,,,,,,,,,,,,,,,,,,,,,,,,,,
,,,,,,,,,,,,,,,,,,,,,,,,,,,
,,,,,,,,,,,,,,,,,,,,,,,,,,,
,,,,,,,,,,,,,,,,,,,,,,,,,,,
,,,,,,,,,,,,,,,,,,,,,,,,,,,
,,,,,,,,,,,,,,,,,,,,,,,,,,,
,,,,,,,,,,,,,,,,,,,,,,,,,,,
,,,,,,,,,,,,,,,,,,,,,,,,,,,
,,,,,,,,,,,,,,,,,,,,,,,,,,,
,,,,,,,,,,,,,,,,,,,,,,,,,,,
,,,,,,,,,,,,,,,,,,,,,,,,,,,
,,,,,,,,,,,,,,,,,,,,,,,,,,,
,,,,,,,,,,,,,,,,,,,,,,,,,,,
,,,,,,,,,,,,,,,,,,,,,,,,,,,
,,,,,,,,,,,,,,,,,,,,,,,,,,,
,,,,,,,,,,,,,,,,,,,,,,,,,,,
,,,,,,,,,,,,,,,,,,,,,,,,,,,
,,,,,,,,,,,,,,,,,,,,,,,,,,,
,,,,,,,,,,,,,,,,,,,,,,,,,,,
,,,,,,,,,,,,,,,,,,,,,,,,,,,
,,,,,,,,,,,,,,,,,,,,,,,,,,,
,,,,,,,,,,,,,,,,,,,,,,,,,,,
,,,,,,,,,,,,,,,,,,,,,,,,,,,
,,,,,,,,,,,,,,,,,,,,,,,,,,,
,,,,,,,,,,,,,,,,,,,,,,,,,,,
,,,,,,,,,,,,,,,,,,,,,,,,,,,
,,,,,,,,,,,,,,,,,,,,,,,,,,,
,,,,,,,,,,,,,,,,,,,,,,,,,,,
,,,,,,,,,,,,,,,,,,,,,,,,,,,
,,,,,,,,,,,,,,,,,,,,,,,,,,,
,,,,,,,,,,,,,,,,,,,,,,,,,,,
,,,,,,,,,,,,,,,,,,,,,,,,,,,
,,,,,,,,,,,,,,,,,,,,,,,,,,,
,,,,,,,,,,,,,,,,,,,,,,,,,,,
,,,,,,,,,,,,,,,,,,,,,,,,,,,
,,,,,,,,,,,,,,,,,,,,,,,,,,,
,,,,,,,,,,,,,,,,,,,,,,,,,,,
,,,,,,,,,,,,,,,,,,,,,,,,,,,
,,,,,,,,,,,,,,,,,,,,,,,,,,,
,,,,,,,,,,,,,,,,,,,,,,,,,,,
,,,,,,,,,,,,,,,,,,,,,,,,,,,
,,,,,,,,,,,,,,,,,,,,,,,,,,,
,,,,,,,,,,,,,,,,,,,,,,,,,,,
,,,,,,,,,,,,,,,,,,,,,,,,,,,
,,,,,,,,,,,,,,,,,,,,,,,,,,,
,,,,,,,,,,,,,,,,,,,,,,,,,,,
,,,,,,,,,,,,,,,,,,,,,,,,,,,
,,,,,,,,,,,,,,,,,,,,,,,,,,,
,,,,,,,,,,,,,,,,,,,,,,,,,,,
,,,,,,,,,,,,,,,,,,,,,,,,,,,
,,,,,,,,,,,,,,,,,,,,,,,,,,,
,,,,,,,,,,,,,,,,,,,,,,,,,,,
,,,,,,,,,,,,,,,,,,,,,,,,,,,
,,,,,,,,,,,,,,,,,,,,,,,,,,,
,,,,,,,,,,,,,,,,,,,,,,,,,,,
,,,,,,,,,,,,,,,,,,,,,,,,,,,
,,,,,,,,,,,,,,,,,,,,,,,,,,,
,,,,,,,,,,,,,,,,,,,,,,,,,,,
,,,,,,,,,,,,,,,,,,,,,,,,,,,
,,,,,,,,,,,,,,,,,,,,,,,,,,,
,,,,,,,,,,,,,,,,,,,,,,,,,,,
,,,,,,,,,,,,,,,,,,,,,,,,,,,
,,,,,,,,,,,,,,,,,,,,,,,,,,,
,,,,,,,,,,,,,,,,,,,,,,,,,,,
,,,,,,,,,,,,,,,,,,,,,,,,,,,
,,,,,,,,,,,,,,,,,,,,,,,,,,,
,,,,,,,,,,,,,,,,,,,,,,,,,,,
,,,,,,,,,,,,,,,,,,,,,,,,,,,
,,,,,,,,,,,,,,,,,,,,,,,,,,,
,,,,,,,,,,,,,,,,,,,,,,,,,,,
,,,,,,,,,,,,,,,,,,,,,,,,,,,
,,,,,,,,,,,,,,,,,,,,,,,,,,,
,,,,,,,,,,,,,,,,,,,,,,,,,,,
,,,,,,,,,,,,,,,,,,,,,,,,,,,
,,,,,,,,,,,,,,,,,,,,,,,,,,,
,,,,,,,,,,,,,,,,,,,,,,,,,,,
,,,,,,,,,,,,,,,,,,,,,,,,,,,
,,,,,,,,,,,,,,,,,,,,,,,,,,,
,,,,,,,,,,,,,,,,,,,,,,,,,,,
,,,,,,,,,,,,,,,,,,,,,,,,,,,
,,,,,,,,,,,,,,,,,,,,,,,,,,,
,,,,,,,,,,,,,,,,,,,,,,,,,,,
,,,,,,,,,,,,,,,,,,,,,,,,,,,
,,,,,,,,,,,,,,,,,,,,,,,,,,,
,,,,,,,,,,,,,,,,,,,,,,,,,,,
,,,,,,,,,,,,,,,,,,,,,,,,,,,
,,,,,,,,,,,,,,,,,,,,,,,,,,,
,,,,,,,,,,,,,,,,,,,,,,,,,,,
,,,,,,,,,,,,,,,,,,,,,,,,,,,
,,,,,,,,,,,,,,,,,,,,,,,,,,,
,,,,,,,,,,,,,,,,,,,,,,,,,,,
,,,,,,,,,,,,,,,,,,,,,,,,,,,
,,,,,,,,,,,,,,,,,,,,,,,,,,,
