"2018-based principal population projections by sex, council area and single year of age",,,,,,,,,,,,,,,,,,,,,,,,,,,,,,,,,,,,,,,,,,,,,,,,,,,,,,,,,,,,,,,,,,,,,,,,,,,,,,,,,,,,,,,,,,,,,
,,,,,,,,,,,,,,,,,,,,,,,,,,,,,,,,,,,,,,,,,,,,,,,,,,,,,,,,,,,,,,,,,,,,,,,,,,,,,,,,,,,,,,,,,,,,,
2027,,,,,,,,,,,,,,,,,,,,,,,,,,,,,,,,,,,,,,,,,,,,,,,,,,,,,,,,,,,,,,,,,,,,,,,,,,,,,,,,,,,,,,,,,,,,,
PERSONS,,,Age,,,,,,,,,,,,,,,,,,,,,,,,,,,,,,,Age,,,,,,,,,,,,,,,,,,,,,,,,,,,,,,Age,,,,,,,,,,,,,,,,,,,,,,,,,,,,,
Area,Code,All ages,0,1,2,3,4,5,6,7,8,9,10,11,12,13,14,15,16,17,18,19,20,21,22,23,24,25,26,27,28,29,30,31,32,33,34,35,36,37,38,39,40,41,42,43,44,45,46,47,48,49,50,51,52,53,54,55,56,57,58,59,60,61,62,63,64,65,66,67,68,69,70,71,72,73,74,75,76,77,78,79,80,81,82,83,84,85,86,87,88,89,90+
SCOTLAND,S92000003,"5,529,888","50,446","50,874","51,283","51,571","51,782","52,083","52,464","52,759","52,371","54,246","55,691","57,793","58,680","59,094","60,205","61,725","63,529","60,620","62,543","63,977","63,863","63,939","64,168","63,419","61,937","61,702","64,136","66,041","70,091","70,850","72,669","72,698","73,166","75,042","76,663","80,965","80,838","77,755","77,023","77,044","74,435","73,583","72,766","70,369","70,976","71,597","70,756","69,309","66,844","61,933","60,662","63,754","63,970","64,864","68,708","72,685","75,363","74,084","76,839","77,922","78,233","77,321","79,680","78,258","77,491","75,119","72,737","69,713","68,296","65,739","63,010","60,153","56,590","54,869","52,673","49,694","48,837","47,766","47,357","47,123","49,200","35,418","31,936","30,791","27,659","23,678","20,256","18,847","16,584","14,342","51,354"
Aberdeen City,S12000033,"229,783","2,122","2,100","2,079","2,069","2,055","2,058","2,076","2,084","2,059","2,075","2,126","2,277","2,202","2,177","2,251","2,293","2,288","2,282","2,673","3,319","3,564","3,615","3,541","3,403","3,358","3,428","3,577","3,624","3,726","3,748","3,892","3,820","3,694","3,579","3,728","4,137","4,209","3,996","3,946","3,780","3,638","3,596","3,486","3,224","3,334","3,170","3,105","2,988","2,802","2,594","2,506","2,529","2,469","2,449","2,641","2,624","2,683","2,481","2,619","2,608","2,588","2,537","2,681","2,523","2,658","2,549","2,330","2,336","2,285","2,240","2,139","2,109","1,984","1,897","1,737","1,733","1,624","1,583","1,667","1,529","1,673","1,174",943,920,878,815,657,634,538,488,"1,758"
Aberdeenshire,S12000034,"267,555","2,498","2,581","2,637","2,707","2,755","2,820","2,866","2,904","2,921","3,090","3,054","3,228","3,162","3,236","3,154","3,204","3,384","3,433","3,091","2,678","2,479","2,426","2,332","2,318","2,264","2,188","2,196","2,334","2,469","2,547","2,588","2,665","2,906","3,051","3,155","3,363","3,517","3,518","3,562","3,632","3,625","3,609","3,636","3,561","3,650","3,747","3,735","3,646","3,476","3,354","3,387","3,493","3,396","3,576","3,759","3,868","4,035","3,851","4,020","3,796","3,960","3,883","3,943","3,868","3,831","3,613","3,458","3,280","3,194","3,222","3,029","3,045","2,885","2,880","2,630","2,562","2,558","2,532","2,584","2,550","2,608","1,884","1,617","1,486","1,356","1,204",976,938,785,651,"2,410"
Angus,S12000041,"115,305",967,"1,002","1,023","1,033","1,051","1,063","1,079","1,095","1,098","1,114","1,171","1,185","1,219","1,279","1,281","1,297","1,265","1,278","1,214","1,164","1,052","1,054","1,119","1,084","1,060","1,020","1,084","1,093","1,089","1,129","1,193","1,174","1,171","1,289","1,312","1,355","1,404","1,322","1,360","1,429","1,408","1,424","1,351","1,349","1,402","1,480","1,361","1,372","1,358","1,270","1,246","1,322","1,324","1,410","1,571","1,573","1,616","1,628","1,770","1,656","1,750","1,746","1,814","1,755","1,795","1,816","1,643","1,679","1,612","1,502","1,495","1,423","1,357","1,367","1,416","1,250","1,313","1,293","1,320","1,349","1,393",945,893,859,758,648,556,543,438,409,"1,606"
Argyll & Bute,S12000035,"81,736",572,584,591,607,613,623,635,639,648,691,746,756,777,809,807,885,902,907,900,868,852,834,854,825,784,779,749,761,784,765,762,747,743,740,766,734,776,773,831,803,828,827,887,849,864,877,947,921,877,844,893,909,959,961,"1,078","1,170","1,188","1,258","1,288","1,390","1,451","1,423","1,533","1,475","1,519","1,430","1,444","1,384","1,318","1,277","1,228","1,205","1,108","1,075","1,027","1,012","1,042",964,"1,009",976,"1,054",748,698,673,581,504,439,412,350,303,"1,037"
City of Edinburgh,S12000036,"549,572","4,989","4,905","4,811","4,752","4,696","4,670","4,642","4,620","4,531","4,660","4,716","4,897","5,019","5,164","5,285","5,256","5,630","5,199","5,976","7,215","7,706","8,044","8,199","8,250","8,330","8,548","8,916","9,330","9,990","10,199","10,295","10,256","10,001","10,056","10,109","10,624","10,776","10,116","9,883","9,305","8,728","8,373","8,239","7,840","7,792","7,619","7,128","7,092","6,847","6,255","6,188","6,057","6,068","6,046","6,051","6,320","6,301","5,825","5,993","6,076","6,079","5,912","6,022","5,899","5,955","5,585","5,516","5,304","5,147","4,996","4,816","4,512","4,205","4,174","3,982","3,871","3,679","3,662","3,609","3,510","3,777","2,660","2,408","2,269","2,040","1,752","1,567","1,461","1,314","1,193","5,292"
Clackmannanshire,S12000005,"51,239",497,506,511,508,505,502,508,502,495,519,537,531,560,521,613,628,588,574,555,569,538,515,532,545,505,522,535,550,578,557,582,587,613,610,616,618,607,638,564,641,613,641,662,570,612,629,624,651,608,609,560,615,625,587,687,732,748,712,809,755,850,726,747,800,779,744,728,685,697,612,629,567,562,566,531,508,521,541,515,516,521,358,364,331,294,251,214,167,153,134,397
Dumfries & Galloway,S12000006,"145,046","1,130","1,141","1,163","1,170","1,172","1,189","1,208","1,224","1,217","1,296","1,316","1,361","1,386","1,422","1,466","1,518","1,617","1,605","1,508","1,395","1,400","1,357","1,374","1,310","1,292","1,223","1,263","1,257","1,377","1,479","1,386","1,429","1,551","1,549","1,544","1,532","1,595","1,566","1,518","1,650","1,609","1,527","1,579","1,581","1,524","1,613","1,563","1,570","1,494","1,441","1,378","1,576","1,590","1,693","1,785","1,987","2,129","2,144","2,306","2,319","2,436","2,443","2,641","2,614","2,615","2,532","2,462","2,346","2,335","2,258","2,099","2,064","2,018","1,946","1,885","1,842","1,772","1,805","1,764","1,740","1,790","1,327","1,222","1,167","1,061",919,785,703,596,502,"1,793"
Dundee City,S12000042,"148,305","1,439","1,414","1,394","1,382","1,370","1,362","1,365","1,370","1,344","1,365","1,455","1,437","1,515","1,456","1,612","1,689","1,618","1,538","2,024","2,430","2,584","2,621","2,592","2,374","2,241","2,176","2,199","2,235","2,373","2,421","2,414","2,286","2,214","2,224","2,340","2,558","2,508","2,419","2,234","2,166","2,097","1,895","1,986","1,858","1,753","1,839","1,763","1,603","1,528","1,423","1,424","1,463","1,396","1,361","1,473","1,568","1,733","1,647","1,723","1,742","1,695","1,778","1,874","1,764","1,816","1,798","1,791","1,694","1,610","1,610","1,575","1,369","1,297","1,203","1,230","1,121","1,092","1,097","1,067","1,097","1,214",830,736,681,602,559,476,458,413,367,"1,358"
East Ayrshire,S12000008,"119,993","1,123","1,133","1,143","1,165","1,173","1,186","1,185","1,203","1,204","1,236","1,268","1,358","1,374","1,282","1,357","1,471","1,438","1,343","1,345","1,260","1,227","1,186","1,189","1,212","1,124","1,143","1,148","1,200","1,244","1,341","1,318","1,343","1,448","1,493","1,468","1,520","1,576","1,547","1,557","1,538","1,559","1,596","1,484","1,446","1,434","1,463","1,476","1,532","1,423","1,310","1,246","1,382","1,434","1,477","1,598","1,683","1,760","1,727","1,852","1,880","1,888","1,874","1,938","1,833","1,791","1,707","1,720","1,624","1,611","1,547","1,513","1,394","1,334","1,297","1,317","1,205","1,157","1,141","1,104","1,126","1,205",820,784,711,631,507,455,405,350,293,880
East Dunbartonshire,S12000045,"112,008",982,"1,032","1,084","1,133","1,164","1,199","1,227","1,247","1,242","1,325","1,414","1,375","1,428","1,468","1,395","1,332","1,453","1,328","1,239","1,109","1,022","1,061","1,074","1,044",966,933,947,946,990,"1,006",976,"1,091","1,097","1,222","1,309","1,464","1,458","1,445","1,460","1,489","1,413","1,445","1,411","1,377","1,382","1,381","1,416","1,382","1,375","1,237","1,247","1,272","1,242","1,249","1,366","1,461","1,555","1,518","1,511","1,480","1,601","1,541","1,649","1,630","1,591","1,618","1,550","1,437","1,536","1,418","1,428","1,332","1,279","1,198","1,208","1,064","1,103","1,126","1,099","1,089","1,143",829,807,784,716,570,546,526,486,423,"1,785"
East Lothian,S12000010,"112,716","1,044","1,071","1,106","1,124","1,132","1,151","1,159","1,170","1,165","1,215","1,246","1,346","1,282","1,312","1,248","1,360","1,413","1,267","1,245","1,199","1,122","1,112","1,084","1,092",966,"1,004","1,023","1,066","1,060","1,118","1,183","1,214","1,237","1,317","1,401","1,561","1,497","1,476","1,466","1,505","1,461","1,508","1,459","1,394","1,477","1,481","1,468","1,351","1,439","1,287","1,336","1,386","1,377","1,399","1,539","1,537","1,633","1,571","1,573","1,671","1,682","1,576","1,737","1,628","1,698","1,618","1,622","1,535","1,520","1,427","1,435","1,296","1,244","1,180","1,101","1,098","1,075","1,050","1,013","1,108","1,082",803,714,738,583,528,456,388,321,320,"1,034"
East Renfrewshire,S12000011,"100,643",886,944,"1,002","1,051","1,109","1,150","1,175","1,198","1,211","1,298","1,393","1,456","1,441","1,472","1,518","1,530","1,565","1,427","1,258","1,183","1,134","1,055","1,048",968,886,856,845,827,842,843,905,906,933,"1,010","1,116","1,200","1,235","1,264","1,360","1,366","1,321","1,357","1,339","1,373","1,342","1,395","1,402","1,423","1,348","1,321","1,217","1,227","1,160","1,185","1,262","1,240","1,261","1,196","1,297","1,246","1,310","1,300","1,238","1,381","1,255","1,274","1,190","1,182","1,197","1,151","1,121","1,147","1,035",960,951,918,863,866,877,895,894,669,635,621,557,446,441,373,354,316,"1,448"
Falkirk,S12000014,"165,058","1,513","1,524","1,530","1,546","1,551","1,563","1,568","1,573","1,570","1,625","1,649","1,723","1,746","1,792","1,763","1,926","1,924","1,945","1,947","1,839","1,885","1,738","1,726","1,682","1,667","1,622","1,691","1,808","1,906","1,930","1,967","2,008","2,078","2,073","2,161","2,230","2,257","2,140","2,059","2,194","2,090","2,149","2,221","2,103","2,135","2,268","2,208","2,194","2,204","2,051","2,022","2,109","2,180","2,210","2,334","2,486","2,460","2,425","2,475","2,544","2,531","2,475","2,472","2,435","2,337","2,299","2,155","2,084","2,027","1,963","1,840","1,754","1,612","1,571","1,570","1,439","1,532","1,462","1,431","1,406","1,483","1,019",952,887,795,676,575,547,515,406,"1,301"
Fife,S12000047,"371,591","3,295","3,348","3,412","3,453","3,482","3,523","3,567","3,610","3,599","3,688","3,795","3,931","4,159","4,115","4,171","4,249","4,469","4,348","4,465","4,693","4,534","4,452","4,232","4,004","3,750","3,601","3,751","3,704","4,123","3,955","4,113","4,170","4,231","4,498","4,546","4,754","4,750","4,692","4,711","4,644","4,489","4,517","4,426","4,318","4,461","4,587","4,574","4,534","4,464","4,107","4,073","4,324","4,373","4,467","4,760","5,041","5,332","5,153","5,457","5,556","5,595","5,411","5,588","5,533","5,417","5,297","5,081","5,156","4,959","4,794","4,517","4,325","4,128","4,064","3,806","3,641","3,659","3,593","3,596","3,652","3,858","2,699","2,512","2,382","2,080","1,826","1,448","1,384","1,216","1,037","3,737"
Glasgow City,S12000049,"642,796","6,558","6,429","6,290","6,162","6,049","5,958","5,924","5,866","5,719","5,754","5,955","6,034","6,146","6,218","6,245","6,502","6,601","6,036","6,981","8,182","8,631","9,055","9,451","9,930","10,156","10,409","11,097","11,444","12,093","12,461","12,587","12,400","12,069","12,006","12,316","13,094","12,493","11,578","11,217","10,692","9,954","9,660","9,366","8,741","8,813","8,474","8,267","8,044","7,612","6,980","6,445","6,771","6,629","6,597","6,870","7,256","7,473","7,454","7,768","7,796","7,569","7,630","7,630","7,620","7,487","7,362","6,953","6,452","6,282","5,928","5,581","5,382","4,846","4,471","4,073","3,802","3,658","3,440","3,286","3,164","3,355","2,390","2,198","2,102","1,903","1,652","1,467","1,390","1,251","1,076","3,638"
Highland,S12000017,"236,737","2,006","2,020","2,045","2,051","2,064","2,090","2,114","2,122","2,126","2,166","2,259","2,378","2,486","2,402","2,508","2,588","2,667","2,529","2,557","2,271","2,157","2,168","2,188","2,166","2,202","2,191","2,271","2,294","2,553","2,526","2,559","2,553","2,690","2,775","2,712","2,805","2,865","2,779","2,801","2,899","2,929","2,934","2,955","2,976","2,888","2,955","3,075","2,930","2,842","2,637","2,616","2,851","2,874","2,825","3,081","3,288","3,488","3,469","3,529","3,735","3,677","3,843","3,934","3,863","3,665","3,577","3,571","3,413","3,353","3,225","3,124","2,991","2,821","2,791","2,678","2,601","2,518","2,478","2,464","2,516","2,451","1,880","1,648","1,704","1,524","1,289","1,075","1,007",877,760,"2,939"
Inverclyde,S12000018,"73,898",624,640,641,648,652,662,662,673,667,667,681,690,756,765,791,793,827,866,785,801,781,759,800,784,725,667,714,739,804,744,809,837,854,812,814,944,959,931,860,915,890,954,864,849,880,893,855,911,855,785,787,804,905,867,947,997,"1,073","1,065","1,114","1,234","1,238","1,241","1,230","1,235","1,269","1,252","1,207","1,140","1,133",983,992,925,881,816,792,747,782,745,697,692,719,543,463,498,448,351,323,269,253,221,741
Midlothian,S12000019,"102,736","1,146","1,167","1,203","1,211","1,211","1,209","1,196","1,190","1,164","1,236","1,246","1,287","1,289","1,262","1,191","1,266","1,227","1,172","1,116","1,025",955,980,945,926,879,858,974,"1,047","1,115","1,116","1,202","1,236","1,352","1,435","1,465","1,610","1,672","1,598","1,615","1,651","1,520","1,508","1,474","1,424","1,420","1,435","1,364","1,393","1,305","1,159","1,116","1,170","1,176","1,217","1,173","1,267","1,372","1,363","1,322","1,386","1,369","1,316","1,353","1,310","1,358","1,297","1,236","1,201","1,159","1,156","1,139","1,014",961,956,932,879,898,853,885,842,913,665,574,554,480,379,346,295,252,234,721
Moray,S12000020,"95,511",801,801,815,813,823,825,831,849,828,854,884,955,943,974,"1,051","1,013","1,147","1,146","1,060","1,022",940,897,905,923,909,935,950,"1,025","1,082","1,026","1,079","1,147","1,150","1,131","1,149","1,192","1,062","1,089","1,149","1,177","1,200","1,204","1,232","1,163","1,161","1,246","1,106","1,198","1,163","1,021","1,036","1,115","1,132","1,176","1,239","1,345","1,424","1,376","1,428","1,426","1,468","1,471","1,482","1,454","1,479","1,432","1,374","1,348","1,263","1,308","1,248","1,247","1,122","1,094","1,083",989,"1,016","1,009",925,963,"1,006",741,698,664,595,504,451,409,362,318,"1,245"
Na h-Eileanan Siar,S12000013,"25,347",200,209,217,221,228,227,233,239,231,236,266,254,237,270,267,287,269,263,252,226,221,210,190,213,195,175,178,179,212,201,234,249,228,293,240,273,235,252,280,282,307,261,254,276,263,314,299,302,339,289,328,319,330,320,332,352,379,374,396,407,400,380,409,393,390,443,387,378,396,348,360,337,357,323,323,325,306,337,320,303,318,251,206,207,201,154,161,148,123,108,442
North Ayrshire,S12000021,"131,563","1,152","1,182","1,200","1,211","1,232","1,239","1,249","1,251","1,249","1,299","1,283","1,382","1,382","1,404","1,372","1,492","1,564","1,424","1,515","1,378","1,417","1,397","1,362","1,307","1,309","1,260","1,331","1,303","1,383","1,460","1,499","1,446","1,508","1,540","1,470","1,472","1,519","1,366","1,444","1,516","1,412","1,410","1,371","1,350","1,364","1,469","1,435","1,449","1,415","1,350","1,335","1,542","1,549","1,624","1,722","1,831","1,958","1,962","2,069","2,068","2,127","2,088","2,159","2,223","2,128","2,093","1,966","1,944","1,994","1,867","1,756","1,749","1,632","1,587","1,566","1,451","1,421","1,362","1,417","1,436","1,475","1,040",956,917,816,702,574,563,440,395,"1,265"
North Lanarkshire,S12000050,"341,242","3,266","3,307","3,329","3,359","3,376","3,403","3,457","3,478","3,458","3,629","3,633","3,867","3,896","3,885","4,002","4,101","4,220","4,126","4,202","4,089","3,962","3,893","3,907","3,877","3,739","3,617","3,736","3,778","4,132","4,040","4,277","4,190","4,173","4,312","4,460","4,702","4,637","4,460","4,497","4,665","4,486","4,612","4,559","4,483","4,599","4,629","4,743","4,614","4,344","4,092","3,829","4,360","4,233","4,231","4,475","4,855","4,904","4,897","5,102","5,137","5,087","4,974","5,124","4,895","4,776","4,766","4,434","4,238","4,053","4,002","3,779","3,588","3,377","3,264","3,133","2,886","2,720","2,746","2,668","2,577","2,599","1,921","1,700","1,645","1,530","1,242","1,007",956,860,723,"1,651"
Orkney Islands,S12000023,"22,331",168,168,172,173,184,179,186,193,194,203,226,206,235,214,237,240,263,239,229,206,197,189,199,175,179,189,177,184,217,212,224,233,251,241,266,251,263,274,248,278,291,251,290,241,265,253,249,265,274,229,216,254,273,281,318,316,327,352,342,366,373,377,377,349,370,319,348,339,329,301,337,301,289,275,303,254,271,236,260,239,257,183,169,184,170,167,98,127,99,92,323
Perth & Kinross,S12000048,"152,826","1,136","1,178","1,220","1,241","1,272","1,293","1,322","1,358","1,363","1,436","1,470","1,605","1,718","1,655","1,727","1,779","1,823","1,730","1,646","1,384","1,334","1,247","1,380","1,355","1,358","1,322","1,395","1,456","1,508","1,531","1,521","1,590","1,557","1,714","1,828","1,837","1,879","1,700","1,748","1,866","1,804","1,821","1,867","1,961","1,890","1,864","1,940","1,812","1,812","1,704","1,706","1,748","1,707","1,857","1,976","2,211","2,208","2,188","2,310","2,431","2,451","2,459","2,539","2,482","2,484","2,301","2,265","2,055","2,170","2,121","2,010","1,921","1,854","1,774","1,875","1,692","1,661","1,656","1,619","1,617","1,722","1,299","1,146","1,083","1,035",897,749,747,691,566,"2,586"
Renfrewshire,S12000038,"181,870","1,676","1,691","1,714","1,721","1,725","1,721","1,736","1,739","1,727","1,822","1,864","1,898","1,868","1,970","2,075","2,085","2,096","1,958","1,931","1,937","1,843","1,943","1,957","1,904","1,868","1,867","2,014","2,069","2,164","2,243","2,364","2,338","2,381","2,520","2,609","2,806","2,719","2,671","2,581","2,659","2,620","2,414","2,431","2,337","2,493","2,322","2,437","2,264","2,180","2,006","1,915","1,991","2,106","2,121","2,220","2,377","2,529","2,636","2,590","2,707","2,688","2,684","2,761","2,657","2,560","2,607","2,606","2,374","2,343","2,281","2,098","1,973","1,865","1,787","1,681","1,548","1,630","1,490","1,523","1,445","1,597","1,105","1,065","1,018",850,756,678,582,539,463,"1,446"
Scottish Borders,S12000026,"116,344",979,"1,008","1,020","1,030","1,036","1,050","1,052","1,057","1,070","1,154","1,143","1,237","1,204","1,310","1,343","1,317","1,321","1,239","1,238","1,123","1,063","1,073","1,076","1,044",970,961,948,991,"1,030","1,034","1,079","1,094","1,105","1,133","1,222","1,228","1,201","1,284","1,232","1,274","1,239","1,296","1,288","1,285","1,299","1,329","1,314","1,378","1,251","1,156","1,186","1,320","1,407","1,456","1,540","1,730","1,753","1,731","1,838","1,900","1,947","1,990","2,006","1,983","2,040","1,916","1,900","1,867","1,833","1,741","1,722","1,606","1,588","1,474","1,450","1,349","1,353","1,358","1,353","1,409","1,470","1,024",898,869,779,620,522,501,451,360,"1,296"
Shetland Islands,S12000027,"22,872",210,211,220,229,235,232,237,242,239,236,266,269,245,241,286,272,285,286,260,182,210,226,205,204,208,195,190,233,236,242,251,261,266,280,274,294,280,289,281,305,326,299,274,264,280,293,314,300,303,251,312,268,283,290,322,317,317,323,312,342,320,341,327,356,329,317,321,276,271,287,263,284,289,243,233,234,236,233,216,221,231,160,156,137,154,129,90,89,68,62,196
South Ayrshire,S12000028,"110,870",864,883,914,933,947,958,979,999,"1,009","1,036","1,038","1,135","1,173","1,101","1,126","1,140","1,241","1,186","1,146","1,085","1,061","1,024","1,061","1,012",966,937,964,"1,015","1,018","1,057","1,064","1,025","1,058","1,149","1,096","1,146","1,162","1,140","1,185","1,195","1,259","1,176","1,182","1,177","1,116","1,286","1,292","1,279","1,231","1,118","1,147","1,241","1,308","1,338","1,445","1,558","1,631","1,661","1,634","1,774","1,762","1,749","1,880","1,908","1,872","1,830","1,861","1,729","1,757","1,747","1,681","1,568","1,507","1,533","1,470","1,390","1,334","1,302","1,305","1,266","1,391","1,021",921,895,819,688,582,542,461,437,"1,581"
South Lanarkshire,S12000029,"324,741","3,031","3,072","3,115","3,145","3,161","3,188","3,209","3,225","3,222","3,391","3,543","3,519","3,628","3,587","3,668","3,729","3,785","3,522","3,540","3,425","3,318","3,262","3,173","3,165","3,013","3,073","3,165","3,345","3,557","3,470","3,654","3,684","3,746","4,003","4,133","4,410","4,372","4,189","4,211","4,277","4,172","4,282","4,246","4,142","4,143","4,336","4,429","4,282","4,017","3,815","3,706","3,873","3,992","4,052","4,263","4,588","4,792","4,763","4,879","4,924","4,941","4,712","4,948","5,054","4,893","4,708","4,662","4,543","4,389","4,073","4,000","3,856","3,550","3,545","3,301","3,105","2,910","2,803","2,776","2,807","2,860","2,121","1,854","1,857","1,656","1,406","1,235","1,103",942,827,"2,683"
Stirling,S12000030,"98,352",825,845,863,869,888,891,907,916,907,973,971,"1,075","1,023","1,074","1,095","1,151","1,104","1,086","1,266","1,521","1,597","1,576","1,477","1,373","1,223","1,162","1,165","1,179","1,190","1,186","1,252","1,205","1,225","1,182","1,180","1,309","1,338","1,380","1,369","1,299","1,248","1,201","1,180","1,206","1,168","1,240","1,099","1,115","1,183","1,096","1,083","1,127","1,122","1,111","1,235","1,300","1,354","1,455","1,408","1,447","1,342","1,430","1,489","1,381","1,377","1,280","1,253","1,236","1,097","1,097","1,060",952,934,919,916,842,841,793,793,819,934,649,532,589,515,443,384,351,329,254,"1,026"
West Dunbartonshire,S12000039,"87,371",821,827,829,842,843,846,850,852,843,852,909,960,923,958,"1,027","1,050","1,071","1,041","1,039","1,013",989,939,957,922,897,866,907,965,"1,007","1,039","1,054","1,062","1,115","1,141","1,167","1,208","1,217","1,165","1,115","1,126","1,106","1,155","1,113","1,019","1,105","1,080","1,144",996,"1,027",911,927,995,941,979,"1,087","1,108","1,218","1,201","1,352","1,319","1,337","1,394","1,395","1,396","1,389","1,275","1,301","1,205","1,204","1,204","1,081","1,091","1,006",946,852,811,796,756,717,765,720,550,472,446,395,340,291,272,242,181,504
West Lothian,S12000040,"191,931","1,926","1,951","1,990","2,012","2,028","2,053","2,060","2,071","2,051","2,105","2,168","2,181","2,258","2,299","2,273","2,282","2,464","2,297","2,340","2,186","2,088","2,031","2,039","2,028","1,948","1,975","2,036","2,060","2,239","2,224","2,386","2,452","2,521","2,664","2,691","2,734","2,800","2,698","2,679","2,826","2,793","2,681","2,654","2,632","2,667","2,630","2,624","2,518","2,448","2,231","2,249","2,341","2,410","2,452","2,559","2,699","2,729","2,678","2,753","2,804","2,721","2,617","2,760","2,561","2,568","2,464","2,402","2,249","2,222","2,053","1,915","1,826","1,663","1,693","1,621","1,525","1,496","1,454","1,478","1,499","1,487","1,110",995,913,857,754,632,557,515,423,"1,235"
,,,,,,,,,,,,,,,,,,,,,,,,,,,,,,,,,,,,,,,,,,,,,,,,,,,,,,,,,,,,,,,,,,,,,,,,,,,,,,,,,,,,,,,,,,,,,
"2018-based principal population projections by sex, council area and single year of age",,,,,,,,,,,,,,,,,,,,,,,,,,,,,,,,,,,,,,,,,,,,,,,,,,,,,,,,,,,,,,,,,,,,,,,,,,,,,,,,,,,,,,,,,,,,,
,,,,,,,,,,,,,,,,,,,,,,,,,,,,,,,,,,,,,,,,,,,,,,,,,,,,,,,,,,,,,,,,,,,,,,,,,,,,,,,,,,,,,,,,,,,,,
2027(continued),,,,,,,,,,,,,,,,,,,,,,,,,,,,,,,,,,,,,,,,,,,,,,,,,,,,,,,,,,,,,,,,,,,,,,,,,,,,,,,,,,,,,,,,,,,,,
MALES,,,Age,,,,,,,,,,,,,,,,,,,,,,,,,,,,,,,Age,,,,,,,,,,,,,,,,,,,,,,,,,,,,,,Age,,,,,,,,,,,,,,,,,,,,,,,,,,,,,
Area,Code,All ages,0,1,2,3,4,5,6,7,8,9,10,11,12,13,14,15,16,17,18,19,20,21,22,23,24,25,26,27,28,29,30,31,32,33,34,35,36,37,38,39,40,41,42,43,44,45,46,47,48,49,50,51,52,53,54,55,56,57,58,59,60,61,62,63,64,65,66,67,68,69,70,71,72,73,74,75,76,77,78,79,80,81,82,83,84,85,86,87,88,89,90+
SCOTLAND,S92000003,"2,703,419","25,833","26,049","26,263","26,416","26,528","26,690","26,892","27,037","26,829","27,839","28,785","29,931","30,139","30,416","30,795","31,767","32,521","30,897","31,843","32,374","32,254","32,077","32,493","32,153","31,234","31,168","32,379","33,799","35,563","36,059","37,006","37,119","37,101","37,788","38,016","40,128","40,411","38,834","38,260","38,124","36,565","36,421","35,502","34,322","34,511","34,684","34,498","33,848","32,973","29,990","29,864","30,992","30,832","31,606","33,351","34,839","35,841","35,368","36,715","37,229","37,819","37,037","38,327","37,267","37,043","36,210","34,926","33,509","32,497","31,266","30,003","28,551","26,649","25,910","24,687","23,183","22,616","22,146","21,799","21,554","22,233","15,894","14,008","13,474","11,688","9,758","8,144","7,528","6,504","5,544","17,884"
Aberdeen City,S12000033,"115,774","1,087","1,067","1,066","1,063","1,055","1,056","1,067","1,068","1,055","1,079","1,091","1,192","1,154","1,137","1,170","1,176","1,187","1,157","1,268","1,464","1,565","1,610","1,656","1,643","1,679","1,761","1,869","1,949","2,008","2,071","2,166","2,139","2,003","1,960","2,015","2,241","2,313","2,161","2,160","2,027","1,976","1,882","1,768","1,652","1,671","1,610","1,599","1,480","1,456","1,294","1,297","1,264","1,251","1,261","1,340","1,278","1,339","1,201","1,304","1,341","1,323","1,219","1,333","1,201","1,325","1,250","1,113","1,127","1,110","1,100","1,057","1,010",952,948,835,811,751,751,766,691,737,517,400,388,370,323,245,245,196,184,577
Aberdeenshire,S12000034,"133,468","1,276","1,316","1,343","1,373","1,401","1,438","1,453","1,477","1,487","1,549","1,600","1,642","1,603","1,630","1,627","1,654","1,749","1,749","1,640","1,530","1,375","1,335","1,269","1,276","1,214","1,167","1,165","1,264","1,291","1,349","1,334","1,354","1,478","1,564","1,566","1,661","1,816","1,797","1,829","1,806","1,807","1,778","1,799","1,737","1,795","1,834","1,870","1,803","1,719","1,655","1,730","1,752","1,696","1,775","1,922","1,943","1,920","1,912","1,941","1,925","1,978","1,877","1,935","1,924","1,852","1,800","1,703","1,622","1,540","1,595","1,456","1,457","1,384","1,374","1,223","1,225","1,230","1,189","1,269","1,249","1,247",866,722,679,595,497,395,390,322,257,856
Angus,S12000041,"56,152",497,519,522,523,523,531,536,544,543,563,584,604,662,668,633,652,640,625,648,621,567,564,598,582,556,533,577,602,565,578,586,574,582,653,629,644,683,651,650,672,643,668,640,624,700,733,651,673,707,604,593,660,649,682,770,769,756,819,859,792,857,856,865,891,868,893,747,803,779,721,711,681,649,639,674,582,629,642,604,637,621,434,400,386,326,268,238,229,173,151,522
Argyll & Bute,S12000035,"40,999",295,302,304,311,318,318,326,330,330,387,406,380,388,409,429,416,466,449,474,515,515,509,524,496,487,479,440,449,452,434,428,403,403,380,396,370,421,367,432,415,413,431,432,437,409,445,449,484,430,438,443,436,450,455,511,522,544,552,623,692,722,681,697,716,756,722,745,690,662,636,608,613,566,552,488,468,486,436,491,437,454,329,307,302,265,218,179,179,137,134,374
City of Edinburgh,S12000036,"269,747","2,558","2,512","2,461","2,438","2,417","2,403","2,385","2,387","2,332","2,387","2,400","2,556","2,600","2,637","2,763","2,713","2,861","2,636","2,975","3,442","3,608","3,723","3,867","3,854","3,925","4,086","4,257","4,577","4,890","5,042","5,155","5,148","5,021","4,986","5,085","5,312","5,451","5,107","5,014","4,709","4,419","4,225","4,135","3,864","3,956","3,708","3,560","3,555","3,526","3,128","3,117","3,059","3,060","3,070","3,074","3,182","3,119","2,923","2,983","3,007","3,041","2,935","3,033","2,868","2,949","2,742","2,705","2,526","2,438","2,361","2,259","2,189","1,990","1,984","1,860","1,810","1,686","1,635","1,650","1,563","1,676","1,124","1,048",981,830,681,604,574,498,422,"1,735"
Clackmannanshire,S12000005,"25,157",256,258,262,263,259,256,262,258,254,269,251,289,300,277,331,333,302,269,301,305,285,265,279,289,270,283,252,273,289,267,281,293,306,300,294,290,288,298,271,320,309,334,316,264,315,294,308,325,276,300,272,305,316,281,319,354,370,354,393,365,409,344,340,384,352,354,364,320,357,279,320,262,271,264,274,263,234,253,244,246,232,168,162,145,125,112,93,71,57,65,175
Dumfries & Galloway,S12000006,"70,741",579,588,596,601,602,607,613,617,615,625,664,686,691,750,744,763,803,816,774,709,748,728,724,681,682,666,677,664,739,764,711,764,788,775,761,757,779,760,766,775,777,777,792,749,728,739,746,743,690,685,672,761,723,805,840,974,"1,005","1,051","1,058","1,078","1,141","1,207","1,270","1,233","1,233","1,184","1,176","1,138","1,122","1,102","1,022",955,966,962,909,882,869,881,889,856,836,627,542,535,458,388,346,302,248,221,696
Dundee City,S12000042,"71,733",738,722,711,703,701,702,711,707,694,708,762,772,783,763,838,864,853,784,966,"1,029","1,119","1,178","1,231","1,159","1,130","1,092","1,114","1,139","1,191","1,243","1,247","1,181","1,134","1,163","1,175","1,290","1,260","1,202","1,117","1,046","1,021",922,967,876,846,863,810,776,722,687,696,713,665,643,713,745,862,799,849,829,812,840,849,827,851,824,814,795,775,775,752,658,623,585,550,533,513,483,487,479,534,365,300,301,247,214,175,184,150,122,390
East Ayrshire,S12000008,"58,344",572,583,592,601,609,622,619,631,630,648,672,714,737,652,690,767,724,683,667,666,639,608,613,629,550,555,572,588,599,682,679,650,734,735,708,727,747,751,763,739,730,778,690,687,720,723,696,724,703,630,607,653,692,705,793,786,796,819,891,858,859,884,928,881,837,824,831,778,805,742,720,665,627,623,622,553,550,542,517,491,541,376,353,324,276,199,191,163,158,126,330
East Dunbartonshire,S12000045,"53,991",500,529,552,575,592,610,623,627,629,686,740,699,712,730,698,685,752,676,675,581,524,568,588,592,519,499,519,533,528,544,494,566,560,602,646,693,704,721,692,698,685,708,704,641,659,681,645,616,653,550,588,601,576,577,637,682,701,704,712,695,741,710,825,754,745,767,721,670,725,653,641,629,614,542,566,467,530,497,472,497,515,349,360,335,292,242,216,215,180,174,671
East Lothian,S12000010,"54,103",541,556,567,574,580,592,595,600,597,646,654,717,645,689,645,700,739,653,641,612,578,592,575,552,464,502,484,519,512,519,563,597,603,626,633,695,689,660,670,734,708,702,695,653,698,682,687,636,700,618,623,676,675,689,780,732,753,754,708,741,763,759,846,742,816,779,778,693,722,678,697,623,565,566,501,502,475,488,454,504,499,367,327,313,254,219,187,154,118,123,371
East Renfrewshire,S12000011,"48,187",452,481,517,541,577,598,611,620,622,660,734,724,758,763,743,778,808,720,624,635,595,542,542,497,434,440,440,439,441,423,445,443,463,505,505,568,578,603,612,623,613,645,642,631,633,666,666,673,610,626,579,577,558,584,615,616,589,567,600,548,620,644,554,627,588,596,569,542,580,542,527,544,478,428,436,431,378,399,380,391,380,305,260,252,207,173,160,133,145,117,459
Falkirk,S12000014,"81,303",779,785,790,801,807,810,808,813,810,850,822,961,913,922,921,"1,012","1,028","1,004",998,988,"1,072",909,918,882,857,838,845,917,942,993,985,"1,025","1,018","1,000","1,062","1,045","1,109","1,080","1,012","1,026","1,009","1,041","1,074","1,005",989,"1,085","1,094","1,098","1,078","1,030","1,013","1,011","1,060","1,067","1,119","1,177","1,231","1,230","1,206","1,205","1,239","1,176","1,248","1,207","1,180","1,106","1,052","1,019",968,950,880,810,731,730,732,672,675,684,664,652,718,460,439,386,362,271,242,218,198,154,501
Fife,S12000047,"181,934","1,688","1,718","1,750","1,772","1,790","1,809","1,835","1,858","1,865","1,923","2,011","2,026","2,121","2,173","2,180","2,213","2,310","2,295","2,281","2,452","2,400","2,351","2,281","2,177","2,036","1,952","2,038","1,977","2,170","2,043","2,097","2,122","2,084","2,218","2,171","2,314","2,255","2,252","2,240","2,214","2,117","2,176","2,095","2,074","2,084","2,264","2,164","2,143","2,122","1,968","2,033","2,069","2,050","2,202","2,319","2,407","2,513","2,481","2,630","2,675","2,807","2,552","2,668","2,622","2,547","2,519","2,483","2,529","2,336","2,286","2,225","2,033","1,976","1,943","1,743","1,680","1,710","1,652","1,640","1,666","1,778","1,236","1,136","1,027",904,794,612,559,494,415,"1,314"
Glasgow City,S12000049,"315,573","3,352","3,277","3,198","3,130","3,071","3,024","3,011","2,986","2,913","2,915","3,102","3,091","3,155","3,185","3,189","3,329","3,349","3,037","3,437","3,909","4,048","4,340","4,522","4,769","4,875","5,068","5,441","5,770","6,029","6,332","6,458","6,409","6,290","6,280","6,328","6,852","6,550","6,058","5,826","5,554","5,113","5,042","4,808","4,472","4,461","4,279","4,156","4,010","3,791","3,432","3,208","3,271","3,242","3,260","3,345","3,525","3,559","3,514","3,636","3,640","3,636","3,580","3,497","3,463","3,486","3,424","3,200","2,992","2,865","2,695","2,568","2,461","2,248","2,028","1,918","1,766","1,696","1,536","1,449","1,409","1,492","1,030",885,871,769,653,524,467,409,347,986
Highland,S12000017,"115,882","1,025","1,036","1,048","1,050","1,055","1,067","1,077","1,080","1,087","1,080","1,158","1,232","1,247","1,252","1,240","1,326","1,367","1,285","1,392","1,222","1,171","1,159","1,167","1,107","1,131","1,132","1,177","1,206","1,329","1,311","1,344","1,312","1,389","1,390","1,329","1,387","1,406","1,369","1,368","1,424","1,435","1,472","1,420","1,469","1,365","1,389","1,532","1,440","1,413","1,307","1,261","1,382","1,382","1,320","1,446","1,526","1,662","1,595","1,638","1,761","1,802","1,884","1,858","1,804","1,792","1,771","1,717","1,702","1,632","1,548","1,567","1,452","1,378","1,351","1,244","1,233","1,179","1,175","1,164","1,187","1,101",864,764,765,640,568,431,414,354,305,"1,087"
Inverclyde,S12000018,"35,083",318,323,328,334,337,340,339,344,343,346,356,367,389,403,388,417,433,453,398,427,411,358,415,404,360,321,353,354,394,380,396,400,416,381,397,445,477,441,420,443,446,469,412,412,421,453,398,418,407,370,376,374,394,394,428,471,447,490,490,559,571,584,591,570,603,620,589,520,513,456,446,442,406,352,359,332,355,323,292,270,307,242,190,211,174,146,130,103,95,83,230
Midlothian,S12000019,"49,221",586,594,614,615,610,614,608,603,589,608,639,670,658,623,571,647,583,581,583,493,503,491,488,476,449,431,473,502,520,529,557,603,647,677,667,731,767,753,767,786,711,729,692,672,693,656,644,679,624,564,540,565,568,601,575,583,613,633,604,655,662,602,654,646,641,625,569,586,553,540,523,498,430,454,432,410,392,400,394,365,402,299,268,235,209,168,145,117,107,103,285
Moray,S12000020,"47,465",411,409,419,420,422,425,427,439,424,461,441,509,486,486,548,481,592,592,553,575,547,521,482,506,500,534,513,574,577,540,563,620,624,543,556,599,518,526,577,619,612,600,607,595,594,624,557,613,618,507,521,534,526,568,597,655,683,660,714,719,724,697,708,714,707,706,665,665,610,640,584,601,510,523,512,466,461,473,423,458,434,328,287,300,255,217,191,173,161,129,480
Na h-Eileanan Siar,S12000013,"12,460",102,107,112,113,118,118,126,125,121,136,144,135,116,138,122,160,135,139,136,132,120,115,106,106,96,81,81,86,110,92,120,123,114,144,111,145,109,123,141,131,152,129,124,140,123,149,145,146,156,139,151,147,159,155,161,171,210,181,196,197,223,183,198,214,194,236,193,200,212,176,184,166,182,157,168,141,132,169,147,154,147,110,92,89,72,70,59,50,54,40,128
North Ayrshire,S12000021,"62,338",588,604,612,619,629,631,641,642,637,686,655,733,721,704,697,769,777,719,783,721,745,742,718,674,674,632,678,653,680,715,747,686,714,718,699,673,717,603,672,690,634,627,620,626,625,683,648,706,665,620,601,692,674,797,791,828,886,872,980,961,967,945,989,"1,038",944,"1,013",926,931,936,861,823,814,763,701,707,687,664,644,626,667,644,461,427,406,349,269,216,232,182,148,424
North Lanarkshire,S12000050,"165,997","1,676","1,694","1,707","1,721","1,738","1,753","1,777","1,790","1,778","1,891","1,859","2,018","1,983","2,008","2,076","2,145","2,137","2,067","2,096","2,135","2,059","2,012","2,023","2,005","1,901","1,812","1,866","1,916","2,135","2,004","2,165","2,135","2,142","2,205","2,206","2,301","2,299","2,225","2,151","2,314","2,093","2,247","2,162","2,129","2,219","2,243","2,290","2,238","2,159","1,949","1,857","2,140","2,070","2,042","2,173","2,265","2,334","2,344","2,412","2,419","2,467","2,369","2,428","2,334","2,166","2,316","2,114","1,979","1,898","1,827","1,747","1,659","1,526","1,506","1,429","1,297","1,232","1,254","1,191","1,128","1,154",852,703,686,604,484,398,371,316,272,580
Orkney Islands,S12000023,"11,167",87,86,87,88,95,95,97,101,104,96,121,100,130,119,137,135,134,126,135,103,116,106,101,101,97,97,91,84,110,107,118,126,117,106,122,111,117,146,122,134,145,111,141,108,124,122,110,130,110,112,102,122,123,122,144,153,155,184,174,185,199,198,198,185,207,174,186,183,168,156,168,141,137,147,157,124,132,114,141,109,131,89,79,94,71,71,43,56,51,40,136
Perth & Kinross,S12000048,"75,236",582,608,629,637,649,654,670,685,682,721,737,806,873,874,848,887,917,881,864,757,723,656,747,720,741,704,745,788,808,832,803,820,809,895,933,963,991,873,852,932,884,902,869,944,918,884,949,893,930,839,818,843,803,850,907,"1,033","1,051","1,045","1,093","1,135","1,165","1,232","1,258","1,246","1,224","1,105","1,098","1,003","1,030","1,043",938,909,878,860,919,809,775,789,768,782,807,621,525,515,440,383,333,342,295,239,"1,019"
Renfrewshire,S12000038,"88,679",861,871,881,889,885,885,895,888,886,900,969,970,953,998,"1,069","1,071","1,022","1,022","1,003",974,957,982,994,976,947,944,"1,020","1,074","1,093","1,163","1,254","1,186","1,201","1,298","1,308","1,386","1,383","1,380","1,327","1,295","1,298","1,257","1,205","1,169","1,207","1,133","1,231","1,068","1,052",956,923,973,988,"1,028","1,054","1,088","1,165","1,225","1,236","1,305","1,251","1,278","1,348","1,259","1,239","1,241","1,216","1,151","1,131","1,066","1,030",910,876,808,780,720,728,675,663,617,714,478,455,428,355,293,275,216,204,170,483
Scottish Borders,S12000026,"56,586",502,520,529,538,541,553,554,552,556,617,582,631,581,659,685,665,715,627,644,553,538,571,554,535,509,474,476,489,531,510,517,546,533,541,570,574,563,618,591,633,584,621,601,602,570,604,628,669,605,563,577,643,662,684,741,826,824,839,883,933,922,963,"1,002",948,"1,003",967,947,918,891,855,841,797,778,720,694,661,650,642,629,682,689,485,398,389,345,263,214,205,175,147,430
Shetland Islands,S12000027,"11,802",107,108,114,121,125,123,124,127,128,124,151,141,119,122,143,144,161,164,138,106,121,113,122,124,122,114,103,131,128,133,132,148,147,163,141,162,130,146,143,161,162,170,139,138,149,155,159,158,168,131,153,139,151,142,171,160,140,153,149,170,168,182,173,167,165,156,163,133,146,144,122,134,137,120,105,123,107,110,103,114,124,78,62,71,69,57,41,46,34,29,88
South Ayrshire,S12000028,"53,100",442,452,468,481,483,486,496,515,523,527,523,580,583,583,601,545,647,617,580,559,550,511,528,518,500,486,503,534,518,532,525,493,530,562,535,561,559,571,578,550,592,547,545,555,520,590,602,603,622,506,549,578,602,665,713,724,764,763,753,833,841,808,891,921,833,881,885,803,826,801,774,752,699,723,694,639,616,616,628,589,624,447,393,397,377,281,241,221,191,169,578
South Lanarkshire,S12000029,"157,712","1,551","1,577","1,606","1,620","1,625","1,636","1,655","1,663","1,663","1,729","1,863","1,843","1,872","1,842","1,887","1,984","1,912","1,781","1,804","1,772","1,715","1,641","1,602","1,611","1,506","1,544","1,578","1,687","1,777","1,751","1,826","1,872","1,837","1,955","2,024","2,113","2,107","2,032","2,039","2,109","1,971","2,012","2,046","1,960","1,975","2,041","2,163","2,114","1,940","1,783","1,839","1,887","1,928","1,989","2,069","2,234","2,321","2,266","2,366","2,353","2,368","2,248","2,373","2,327","2,377","2,221","2,270","2,176","2,023","1,948","1,867","1,815","1,600","1,685","1,575","1,420","1,352","1,283","1,270","1,282","1,290",938,847,818,720,593,487,422,366,334,949
Stirling,S12000030,"47,273",418,429,438,446,453,458,467,463,455,488,509,546,512,547,560,569,564,564,610,722,732,732,700,681,584,556,542,554,552,541,589,572,583,570,561,623,640,678,651,615,595,581,564,621,556,582,545,535,590,493,507,569,541,538,557,596,637,663,700,702,659,689,737,669,663,610,595,638,533,532,536,469,454,429,458,416,391,396,391,377,424,294,224,254,216,185,158,147,136,92,355
West Dunbartonshire,S12000039,"41,928",422,420,421,428,427,429,432,432,424,446,457,476,484,478,507,562,565,545,541,508,503,479,484,474,441,408,432,463,496,520,529,540,554,594,551,593,621,582,511,554,581,572,548,484,509,521,532,450,498,428,458,434,429,439,523,528,558,540,604,591,597,652,686,641,654,609,617,566,558,571,496,524,466,432,409,368,346,341,320,334,303,260,205,197,149,137,103,99,86,64,178
West Lothian,S12000040,"94,284",985,998,"1,019","1,027","1,034","1,047","1,052","1,065","1,053","1,088","1,128","1,121","1,210","1,195","1,115","1,205","1,289","1,181","1,214","1,157","1,105","1,066","1,075","1,057",998,977,"1,058","1,044","1,159","1,115","1,192","1,269","1,277","1,299","1,332","1,302","1,364","1,300","1,296","1,376","1,330","1,266","1,250","1,332","1,279","1,249","1,264","1,249","1,233","1,078","1,160","1,162","1,169","1,216","1,204","1,306","1,334","1,235","1,330","1,360","1,285","1,259","1,347","1,244","1,246","1,175","1,175","1,111","1,053",987,914,878,789,774,714,692,692,674,673,671,678,495,448,394,363,321,272,231,214,168,497
,,,,,,,,,,,,,,,,,,,,,,,,,,,,,,,,,,,,,,,,,,,,,,,,,,,,,,,,,,,,,,,,,,,,,,,,,,,,,,,,,,,,,,,,,,,,,
"2018-based principal population projections by sex, council area and single year of age",,,,,,,,,,,,,,,,,,,,,,,,,,,,,,,,,,,,,,,,,,,,,,,,,,,,,,,,,,,,,,,,,,,,,,,,,,,,,,,,,,,,,,,,,,,,,
,,,,,,,,,,,,,,,,,,,,,,,,,,,,,,,,,,,,,,,,,,,,,,,,,,,,,,,,,,,,,,,,,,,,,,,,,,,,,,,,,,,,,,,,,,,,,
2027(continued),,,,,,,,,,,,,,,,,,,,,,,,,,,,,,,,,,,,,,,,,,,,,,,,,,,,,,,,,,,,,,,,,,,,,,,,,,,,,,,,,,,,,,,,,,,,,
FEMALES,,,,,,,,,,,,,,,,,,,,,,,,,,,,,,,,,,,,,,,,,,,,,,,,,,,,,,,,,,,,,,,,,,,,,,,,,,,,,,,,,,,,,,,,,,,,,
Area,Code,All ages,0,1,2,3,4,5,6,7,8,9,10,11,12,13,14,15,16,17,18,19,20,21,22,23,24,25,26,27,28,29,30,31,32,33,34,35,36,37,38,39,40,41,42,43,44,45,46,47,48,49,50,51,52,53,54,55,56,57,58,59,60,61,62,63,64,65,66,67,68,69,70,71,72,73,74,75,76,77,78,79,80,81,82,83,84,85,86,87,88,89,90+
SCOTLAND,S92000003,"2,826,469","24,613","24,825","25,020","25,155","25,254","25,393","25,572","25,722","25,542","26,407","26,906","27,862","28,541","28,678","29,410","29,958","31,008","29,723","30,700","31,603","31,609","31,862","31,675","31,266","30,703","30,534","31,757","32,242","34,528","34,791","35,663","35,579","36,065","37,254","38,647","40,837","40,427","38,921","38,763","38,920","37,870","37,162","37,264","36,047","36,465","36,913","36,258","35,461","33,871","31,943","30,798","32,762","33,138","33,258","35,357","37,846","39,522","38,716","40,124","40,693","40,414","40,284","41,353","40,991","40,448","38,909","37,811","36,204","35,799","34,473","33,007","31,602","29,941","28,959","27,986","26,511","26,221","25,620","25,558","25,569","26,967","19,524","17,928","17,317","15,971","13,920","12,112","11,319","10,080","8,798","33,470"
Aberdeen City,S12000033,"114,009","1,035","1,033","1,013","1,006","1,000","1,002","1,009","1,016","1,004",996,"1,035","1,085","1,048","1,040","1,081","1,117","1,101","1,125","1,405","1,855","1,999","2,005","1,885","1,760","1,679","1,667","1,708","1,675","1,718","1,677","1,726","1,681","1,691","1,619","1,713","1,896","1,896","1,835","1,786","1,753","1,662","1,714","1,718","1,572","1,663","1,560","1,506","1,508","1,346","1,300","1,209","1,265","1,218","1,188","1,301","1,346","1,344","1,280","1,315","1,267","1,265","1,318","1,348","1,322","1,333","1,299","1,217","1,209","1,175","1,140","1,082","1,099","1,032",949,902,922,873,832,901,838,936,657,543,532,508,492,412,389,342,304,"1,181"
Aberdeenshire,S12000034,"134,087","1,222","1,265","1,294","1,334","1,354","1,382","1,413","1,427","1,434","1,541","1,454","1,586","1,559","1,606","1,527","1,550","1,635","1,684","1,451","1,148","1,104","1,091","1,063","1,042","1,050","1,021","1,031","1,070","1,178","1,198","1,254","1,311","1,428","1,487","1,589","1,702","1,701","1,721","1,733","1,826","1,818","1,831","1,837","1,824","1,855","1,913","1,865","1,843","1,757","1,699","1,657","1,741","1,700","1,801","1,837","1,925","2,115","1,939","2,079","1,871","1,982","2,006","2,008","1,944","1,979","1,813","1,755","1,658","1,654","1,627","1,573","1,588","1,501","1,506","1,407","1,337","1,328","1,343","1,315","1,301","1,361","1,018",895,807,761,707,581,548,463,394,"1,554"
Angus,S12000041,"59,153",470,483,501,510,528,532,543,551,555,551,587,581,557,611,648,645,625,653,566,543,485,490,521,502,504,487,507,491,524,551,607,600,589,636,683,711,721,671,710,757,765,756,711,725,702,747,710,699,651,666,653,662,675,728,801,804,860,809,911,864,893,890,949,864,927,923,896,876,833,781,784,742,708,728,742,668,684,651,716,712,772,511,493,473,432,380,318,314,265,258,"1,084"
Argyll & Bute,S12000035,"40,737",277,282,287,296,295,305,309,309,318,304,340,376,389,400,378,469,436,458,426,353,337,325,330,329,297,300,309,312,332,331,334,344,340,360,370,364,355,406,399,388,415,396,455,412,455,432,498,437,447,406,450,473,509,506,567,648,644,706,665,698,729,742,836,759,763,708,699,694,656,641,620,592,542,523,539,544,556,528,518,539,600,419,391,371,316,286,260,233,213,169,663
City of Edinburgh,S12000036,"279,825","2,431","2,393","2,350","2,314","2,279","2,267","2,257","2,233","2,199","2,273","2,316","2,341","2,419","2,527","2,522","2,543","2,769","2,563","3,001","3,773","4,098","4,321","4,332","4,396","4,405","4,462","4,659","4,753","5,100","5,157","5,140","5,108","4,980","5,070","5,024","5,312","5,325","5,009","4,869","4,596","4,309","4,148","4,104","3,976","3,836","3,911","3,568","3,537","3,321","3,127","3,071","2,998","3,008","2,976","2,977","3,138","3,182","2,902","3,010","3,069","3,038","2,977","2,989","3,031","3,006","2,843","2,811","2,778","2,709","2,635","2,557","2,323","2,215","2,190","2,122","2,061","1,993","2,027","1,959","1,947","2,101","1,536","1,360","1,288","1,210","1,071",963,887,816,771,"3,557"
Clackmannanshire,S12000005,"26,082",241,248,249,245,246,246,246,244,241,250,286,242,260,244,282,295,286,305,254,264,253,250,253,256,235,239,283,277,289,290,301,294,307,310,322,328,319,340,293,321,304,307,346,306,297,335,316,326,332,309,288,310,309,306,368,378,378,358,416,390,441,382,407,416,427,390,364,365,340,333,309,305,291,302,257,245,287,288,271,270,289,190,202,186,169,139,121,96,96,69,222
Dumfries & Galloway,S12000006,"74,305",551,553,567,569,570,582,595,607,602,671,652,675,695,672,722,755,814,789,734,686,652,629,650,629,610,557,586,593,638,715,675,665,763,774,783,775,816,806,752,875,832,750,787,832,796,874,817,827,804,756,706,815,867,888,945,"1,013","1,124","1,093","1,248","1,241","1,295","1,236","1,371","1,381","1,382","1,348","1,286","1,208","1,213","1,156","1,077","1,109","1,052",984,976,960,903,924,875,884,954,700,680,632,603,531,439,401,348,281,"1,097"
Dundee City,S12000042,"76,572",701,692,683,679,669,660,654,663,650,657,693,665,732,693,774,825,765,754,"1,058","1,401","1,465","1,443","1,361","1,215","1,111","1,084","1,085","1,096","1,182","1,178","1,167","1,105","1,080","1,061","1,165","1,268","1,248","1,217","1,117","1,120","1,076",973,"1,019",982,907,976,953,827,806,736,728,750,731,718,760,823,871,848,874,913,883,938,"1,025",937,965,974,977,899,835,835,823,711,674,618,680,588,579,614,580,618,680,465,436,380,355,345,301,274,263,245,968
East Ayrshire,S12000008,"61,649",551,550,551,564,564,564,566,572,574,588,596,644,637,630,667,704,714,660,678,594,588,578,576,583,574,588,576,612,645,659,639,693,714,758,760,793,829,796,794,799,829,818,794,759,714,740,780,808,720,680,639,729,742,772,805,897,964,908,961,"1,022","1,029",990,"1,010",952,954,883,889,846,806,805,793,729,707,674,695,652,607,599,587,635,664,444,431,387,355,308,264,242,192,167,550
East Dunbartonshire,S12000045,"58,017",482,503,532,558,572,589,604,620,613,639,674,676,716,738,697,647,701,652,564,528,498,493,486,452,447,434,428,413,462,462,482,525,537,620,663,771,754,724,768,791,728,737,707,736,723,700,771,766,722,687,659,671,666,672,729,779,854,814,799,785,860,831,824,876,846,851,829,767,811,765,787,703,665,656,642,597,573,629,627,592,628,480,447,449,424,328,330,311,306,249,"1,114"
East Lothian,S12000010,"58,613",503,515,539,550,552,559,564,570,568,569,592,629,637,623,603,660,674,614,604,587,544,520,509,540,502,502,539,547,548,599,620,617,634,691,768,866,808,816,796,771,753,806,764,741,779,799,781,715,739,669,713,710,702,710,759,805,880,817,865,930,919,817,891,886,882,839,844,842,798,749,738,673,679,614,600,596,600,562,559,604,583,436,387,425,329,309,269,234,203,197,663
East Renfrewshire,S12000011,"52,456",434,463,485,510,532,552,564,578,589,638,659,732,683,709,775,752,757,707,634,548,539,513,506,471,452,416,405,388,401,420,460,463,470,505,611,632,657,661,748,743,708,712,697,742,709,729,736,750,738,695,638,650,602,601,647,624,672,629,697,698,690,656,684,754,667,678,621,640,617,609,594,603,557,532,515,487,485,467,497,504,514,364,375,369,350,273,281,240,209,199,989
Falkirk,S12000014,"83,755",734,739,740,745,744,753,760,760,760,775,827,762,833,870,842,914,896,941,949,851,813,829,808,800,810,784,846,891,964,937,982,983,"1,060","1,073","1,099","1,185","1,148","1,060","1,047","1,168","1,081","1,108","1,147","1,098","1,146","1,183","1,114","1,096","1,126","1,021","1,009","1,098","1,120","1,143","1,215","1,309","1,229","1,195","1,269","1,339","1,292","1,299","1,224","1,228","1,157","1,193","1,103","1,065","1,059","1,013",960,944,881,841,838,767,857,778,767,754,765,559,513,501,433,405,333,329,317,252,800
Fife,S12000047,"189,657","1,607","1,630","1,662","1,681","1,692","1,714","1,732","1,752","1,734","1,765","1,784","1,905","2,038","1,942","1,991","2,036","2,159","2,053","2,184","2,241","2,134","2,101","1,951","1,827","1,714","1,649","1,713","1,727","1,953","1,912","2,016","2,048","2,147","2,280","2,375","2,440","2,495","2,440","2,471","2,430","2,372","2,341","2,331","2,244","2,377","2,323","2,410","2,391","2,342","2,139","2,040","2,255","2,323","2,265","2,441","2,634","2,819","2,672","2,827","2,881","2,788","2,859","2,920","2,911","2,870","2,778","2,598","2,627","2,623","2,508","2,292","2,292","2,152","2,121","2,063","1,961","1,949","1,941","1,956","1,986","2,080","1,463","1,376","1,355","1,176","1,032",836,825,722,622,"2,423"
Glasgow City,S12000049,"327,223","3,206","3,152","3,092","3,032","2,978","2,934","2,913","2,880","2,806","2,839","2,853","2,943","2,991","3,033","3,056","3,173","3,252","2,999","3,544","4,273","4,583","4,715","4,929","5,161","5,281","5,341","5,656","5,674","6,064","6,129","6,129","5,991","5,779","5,726","5,988","6,242","5,943","5,520","5,391","5,138","4,841","4,618","4,558","4,269","4,352","4,195","4,111","4,034","3,821","3,548","3,237","3,500","3,387","3,337","3,525","3,731","3,914","3,940","4,132","4,156","3,933","4,050","4,133","4,157","4,001","3,938","3,753","3,460","3,417","3,233","3,013","2,921","2,598","2,443","2,155","2,036","1,962","1,904","1,837","1,755","1,863","1,360","1,313","1,231","1,134",999,943,923,842,729,"2,652"
Highland,S12000017,"120,855",981,984,997,"1,001","1,009","1,023","1,037","1,042","1,039","1,086","1,101","1,146","1,239","1,150","1,268","1,262","1,300","1,244","1,165","1,049",986,"1,009","1,021","1,059","1,071","1,059","1,094","1,088","1,224","1,215","1,215","1,241","1,301","1,385","1,383","1,418","1,459","1,410","1,433","1,475","1,494","1,462","1,535","1,507","1,523","1,566","1,543","1,490","1,429","1,330","1,355","1,469","1,492","1,505","1,635","1,762","1,826","1,874","1,891","1,974","1,875","1,959","2,076","2,059","1,873","1,806","1,854","1,711","1,721","1,677","1,557","1,539","1,443","1,440","1,434","1,368","1,339","1,303","1,300","1,329","1,350","1,016",884,939,884,721,644,593,523,455,"1,852"
Inverclyde,S12000018,"38,815",306,317,313,314,315,322,323,329,324,321,325,323,367,362,403,376,394,413,387,374,370,401,385,380,365,346,361,385,410,364,413,437,438,431,417,499,482,490,440,472,444,485,452,437,459,440,457,493,448,415,411,430,511,473,519,526,626,575,624,675,667,657,639,665,666,632,618,620,620,527,546,483,475,464,433,415,427,422,405,422,412,301,273,287,274,205,193,166,158,138,511
Midlothian,S12000019,"53,515",560,573,589,596,601,595,588,587,575,628,607,617,631,639,620,619,644,591,533,532,452,489,457,450,430,427,501,545,595,587,645,633,705,758,798,879,905,845,848,865,809,779,782,752,727,779,720,714,681,595,576,605,608,616,598,684,759,730,718,731,707,714,699,664,717,672,667,615,606,616,616,516,531,502,500,469,506,453,491,477,511,366,306,319,271,211,201,178,145,131,436
Moray,S12000020,"48,046",390,392,396,393,401,400,404,410,404,393,443,446,457,488,503,532,555,554,507,447,393,376,423,417,409,401,437,451,505,486,516,527,526,588,593,593,544,563,572,558,588,604,625,568,567,622,549,585,545,514,515,581,606,608,642,690,741,716,714,707,744,774,774,740,772,726,709,683,653,668,664,646,612,571,571,523,555,536,502,505,572,413,411,364,340,287,260,236,201,189,765
Na h-Eileanan Siar,S12000013,"12,887",98,102,105,108,110,109,107,114,110,100,122,119,121,132,145,127,134,124,116,94,101,95,84,107,99,94,97,93,102,109,114,126,114,149,129,128,126,129,139,151,155,132,130,136,140,165,154,156,183,150,177,172,171,165,171,181,169,193,200,210,177,197,211,179,196,207,194,178,184,172,176,171,175,166,155,184,174,168,173,149,171,141,114,118,129,84,102,98,69,68,314
North Ayrshire,S12000021,"69,225",564,578,588,592,603,608,608,609,612,613,628,649,661,700,675,723,787,705,732,657,672,655,644,633,635,628,653,650,703,745,752,760,794,822,771,799,802,763,772,826,778,783,751,724,739,786,787,743,750,730,734,850,875,827,931,"1,003","1,072","1,090","1,089","1,107","1,160","1,143","1,170","1,185","1,184","1,080","1,040","1,013","1,058","1,006",933,935,869,886,859,764,757,718,791,769,831,579,529,511,467,433,358,331,258,247,841
North Lanarkshire,S12000050,"175,245","1,590","1,613","1,622","1,638","1,638","1,650","1,680","1,688","1,680","1,738","1,774","1,849","1,913","1,877","1,926","1,956","2,083","2,059","2,106","1,954","1,903","1,881","1,884","1,872","1,838","1,805","1,870","1,862","1,997","2,036","2,112","2,055","2,031","2,107","2,254","2,401","2,338","2,235","2,346","2,351","2,393","2,365","2,397","2,354","2,380","2,386","2,453","2,376","2,185","2,143","1,972","2,220","2,163","2,189","2,302","2,590","2,570","2,553","2,690","2,718","2,620","2,605","2,696","2,561","2,610","2,450","2,320","2,259","2,155","2,175","2,032","1,929","1,851","1,758","1,704","1,589","1,488","1,492","1,477","1,449","1,445","1,069",997,959,926,758,609,585,544,451,"1,071"
Orkney Islands,S12000023,"11,164",81,82,85,85,89,84,89,92,90,107,105,106,105,95,100,105,129,113,94,103,81,83,98,74,82,92,86,100,107,105,106,107,134,135,144,140,146,128,126,144,146,140,149,133,141,131,139,135,164,117,114,132,150,159,174,163,172,168,168,181,174,179,179,164,163,145,162,156,161,145,169,160,152,128,146,130,139,122,119,130,126,94,90,90,99,96,55,71,48,52,187
Perth & Kinross,S12000048,"77,590",554,570,591,604,623,639,652,673,681,715,733,799,845,781,879,892,906,849,782,627,611,591,633,635,617,618,650,668,700,699,718,770,748,819,895,874,888,827,896,934,920,919,998,"1,017",972,980,991,919,882,865,888,905,904,"1,007","1,069","1,178","1,157","1,143","1,217","1,296","1,286","1,227","1,281","1,236","1,260","1,196","1,167","1,052","1,140","1,078","1,072","1,012",976,914,956,883,886,867,851,835,915,678,621,568,595,514,416,405,396,327,"1,567"
Renfrewshire,S12000038,"93,191",815,820,833,832,840,836,841,851,841,922,895,928,915,972,"1,006","1,014","1,074",936,928,963,886,961,963,928,921,923,994,995,"1,071","1,080","1,110","1,152","1,180","1,222","1,301","1,420","1,336","1,291","1,254","1,364","1,322","1,157","1,226","1,168","1,286","1,189","1,206","1,196","1,128","1,050",992,"1,018","1,118","1,093","1,166","1,289","1,364","1,411","1,354","1,402","1,437","1,406","1,413","1,398","1,321","1,366","1,390","1,223","1,212","1,215","1,068","1,063",989,979,901,828,902,815,860,828,883,627,610,590,495,463,403,366,335,293,963
Scottish Borders,S12000026,"59,758",477,488,491,492,495,497,498,505,514,537,561,606,623,651,658,652,606,612,594,570,525,502,522,509,461,487,472,502,499,524,562,548,572,592,652,654,638,666,641,641,655,675,687,683,729,725,686,709,646,593,609,677,745,772,799,904,929,892,955,967,"1,025","1,027","1,004","1,035","1,037",949,953,949,942,886,881,809,810,754,756,688,703,716,724,727,781,539,500,480,434,357,308,296,276,213,866
Shetland Islands,S12000027,"11,070",103,103,106,108,110,109,113,115,111,112,115,128,126,119,143,128,124,122,122,76,89,113,83,80,86,81,87,102,108,109,119,113,119,117,133,132,150,143,138,144,164,129,135,126,131,138,155,142,135,120,159,129,132,148,151,157,177,170,163,172,152,159,154,189,164,161,158,143,125,143,141,150,152,123,128,111,129,123,113,107,107,82,94,66,85,72,49,43,34,33,108
South Ayrshire,S12000028,"57,770",422,431,446,452,464,472,483,484,486,509,515,555,590,518,525,595,594,569,566,526,511,513,533,494,466,451,461,481,500,525,539,532,528,587,561,585,603,569,607,645,667,629,637,622,596,696,690,676,609,612,598,663,706,673,732,834,867,898,881,941,921,941,989,987,"1,039",949,976,926,931,946,907,816,808,810,776,751,718,686,677,677,767,574,528,498,442,407,341,321,270,268,"1,003"
South Lanarkshire,S12000029,"167,029","1,480","1,495","1,509","1,525","1,536","1,552","1,554","1,562","1,559","1,662","1,680","1,676","1,756","1,745","1,781","1,745","1,873","1,741","1,736","1,653","1,603","1,621","1,571","1,554","1,507","1,529","1,587","1,658","1,780","1,719","1,828","1,812","1,909","2,048","2,109","2,297","2,265","2,157","2,172","2,168","2,201","2,270","2,200","2,182","2,168","2,295","2,266","2,168","2,077","2,032","1,867","1,986","2,064","2,063","2,194","2,354","2,471","2,497","2,513","2,571","2,573","2,464","2,575","2,727","2,516","2,487","2,392","2,367","2,366","2,125","2,133","2,041","1,950","1,860","1,726","1,685","1,558","1,520","1,506","1,525","1,570","1,183","1,007","1,039",936,813,748,681,576,493,"1,734"
Stirling,S12000030,"51,079",407,416,425,423,435,433,440,453,452,485,462,529,511,527,535,582,540,522,656,799,865,844,777,692,639,606,623,625,638,645,663,633,642,612,619,686,698,702,718,684,653,620,616,585,612,658,554,580,593,603,576,558,581,573,678,704,717,792,708,745,683,741,752,712,714,670,658,598,564,565,524,483,480,490,458,426,450,397,402,442,510,355,308,335,299,258,226,204,193,162,671
West Dunbartonshire,S12000039,"45,443",399,407,408,414,416,417,418,420,419,406,452,484,439,480,520,488,506,496,498,505,486,460,473,448,456,458,475,502,511,519,525,522,561,547,616,615,596,583,604,572,525,583,565,535,596,559,612,546,529,483,469,561,512,540,564,580,660,661,748,728,740,742,709,755,735,666,684,639,646,633,585,567,540,514,443,443,450,415,397,431,417,290,267,249,246,203,188,173,156,117,326
West Lothian,S12000040,"97,647",941,953,971,985,994,"1,006","1,008","1,006",998,"1,017","1,040","1,060","1,048","1,104","1,158","1,077","1,175","1,116","1,126","1,029",983,965,964,971,950,998,978,"1,016","1,080","1,109","1,194","1,183","1,244","1,365","1,359","1,432","1,436","1,398","1,383","1,450","1,463","1,415","1,404","1,300","1,388","1,381","1,360","1,269","1,215","1,153","1,089","1,179","1,241","1,236","1,355","1,393","1,395","1,443","1,423","1,444","1,436","1,358","1,413","1,317","1,322","1,289","1,227","1,138","1,169","1,066","1,001",948,874,919,907,833,804,780,805,828,809,615,547,519,494,433,360,326,301,255,738
,,,,,,,,,,,,,,,,,,,,,,,,,,,,,,,,,,,,,,,,,,,,,,,,,,,,,,,,,,,,,,,,,,,,,,,,,,,,,,,,,,,,,,,,,,,,,
 Crown Copyright 2020,,,,,,,,,,,,,,,,,,,,,,,,,,,,,,,,,,,,,,,,,,,,,,,,,,,,,,,,,,,,,,,,,,,,,,,,,,,,,,,,,,,,,,,,,,,,,
